ResponseId,row_index,scenario,alt,rating,price_level,taste_level,nutrition_level,sustain_level,segment
R_1ISSVTIOnPJXekC,1,4,Lab,5.0,3,3,2,3,Basic-first
R_1ISSVTIOnPJXekC,1,4,Premium,3.0,2,3,3,2,Basic-first
R_1ISSVTIOnPJXekC,1,4,Basic,7.0,1,2,2,1,Basic-first
R_7liY4XbxkhD6dE2,2,10,Lab,4.0,3,3,2,3,Mixed
R_7liY4XbxkhD6dE2,2,10,Premium,5.0,2,3,3,2,Mixed
R_7liY4XbxkhD6dE2,2,10,Basic,5.0,2,2,2,1,Mixed
R_1YncfbKdOsKwWPu,3,6,Lab,5.0,3,1,2,3,Mixed
R_1YncfbKdOsKwWPu,3,6,Premium,4.0,2,3,3,2,Mixed
R_1YncfbKdOsKwWPu,3,6,Basic,5.0,1,2,2,1,Mixed
R_7rSmf4wO8btejI6,4,2,Lab,2.0,3,2,2,3,Basic-first
R_7rSmf4wO8btejI6,4,2,Premium,4.0,2,3,3,2,Basic-first
R_7rSmf4wO8btejI6,4,2,Basic,7.0,1,2,2,1,Basic-first
R_7dR7hKV4T4XnYPc,5,24,Lab,1.0,2,1,2,3,Basic-first
R_7dR7hKV4T4XnYPc,5,24,Premium,4.0,3,3,3,2,Basic-first
R_7dR7hKV4T4XnYPc,5,24,Basic,6.0,1,2,2,1,Basic-first
R_58BVICaWSqYvdNp,6,18,Lab,2.0,3,1,2,3,Premium-first
R_58BVICaWSqYvdNp,6,18,Premium,6.0,3,3,3,2,Premium-first
R_58BVICaWSqYvdNp,6,18,Basic,5.0,2,2,2,1,Premium-first
R_7Kx4QI193xtBYFq,7,27,Lab,1.0,2,3,3,3,Premium-first
R_7Kx4QI193xtBYFq,7,27,Premium,7.0,3,3,3,2,Premium-first
R_7Kx4QI193xtBYFq,7,27,Basic,5.0,3,2,2,1,Premium-first
R_5K7Gd3dYqmmxjHQ,8,18,Lab,1.0,3,1,2,3,Premium-first
R_5K7Gd3dYqmmxjHQ,8,18,Premium,6.0,3,3,3,2,Premium-first
R_5K7Gd3dYqmmxjHQ,8,18,Basic,6.0,2,2,2,1,Premium-first
R_6E3Cur95KnC0mYN,9,1,Lab,2.0,3,2,3,3,Basic-first
R_6E3Cur95KnC0mYN,9,1,Premium,1.0,2,3,3,2,Basic-first
R_6E3Cur95KnC0mYN,9,1,Basic,7.0,1,2,2,1,Basic-first
R_5dW7QwXXNmSSLmN,10,23,Lab,2.0,2,1,3,3,Premium-first
R_5dW7QwXXNmSSLmN,10,23,Premium,7.0,3,3,3,2,Premium-first
R_5dW7QwXXNmSSLmN,10,23,Basic,2.0,1,2,2,1,Premium-first
R_5wRktamZTfPDh2Y,11,15,Lab,1.0,3,3,3,3,Premium-first
R_5wRktamZTfPDh2Y,11,15,Premium,7.0,3,3,3,2,Premium-first
R_5wRktamZTfPDh2Y,11,15,Basic,7.0,2,2,2,1,Premium-first
R_5AuWMuwwBk5ghrP,12,9,Lab,1.0,3,3,3,3,Premium-first
R_5AuWMuwwBk5ghrP,12,9,Premium,7.0,2,3,3,2,Premium-first
R_5AuWMuwwBk5ghrP,12,9,Basic,6.0,2,2,2,1,Premium-first
R_6erf01s5x2s1mdX,13,6,Lab,1.0,3,1,2,3,Premium-first
R_6erf01s5x2s1mdX,13,6,Premium,6.0,2,3,3,2,Premium-first
R_6erf01s5x2s1mdX,13,6,Basic,7.0,1,2,2,1,Premium-first
R_6Pt0n8I0WD2Qjq8,14,8,Lab,4.0,3,2,2,3,Mixed
R_6Pt0n8I0WD2Qjq8,14,8,Premium,7.0,2,3,3,2,Mixed
R_6Pt0n8I0WD2Qjq8,14,8,Basic,3.0,2,2,2,1,Mixed
R_5kFGFutTkz0NwNc,15,23,Lab,4.0,2,1,3,3,Mixed
R_5kFGFutTkz0NwNc,15,23,Premium,6.0,3,3,3,2,Mixed
R_5kFGFutTkz0NwNc,15,23,Basic,6.0,1,2,2,1,Mixed
R_1lEaqdOXbsZXqSN,16,26,Lab,7.0,2,2,2,3,Mixed
R_1lEaqdOXbsZXqSN,16,26,Premium,6.0,3,3,3,2,Mixed
R_1lEaqdOXbsZXqSN,16,26,Basic,1.0,3,2,2,1,Mixed
R_3dWuYoHAgCUmZHg,17,19,Lab,6.0,2,2,3,3,Basic-first
R_3dWuYoHAgCUmZHg,17,19,Premium,4.0,3,3,3,2,Basic-first
R_3dWuYoHAgCUmZHg,17,19,Basic,7.0,1,2,2,1,Basic-first
R_1nlx6TATB16RkYR,18,9,Lab,6.0,3,3,3,3,Mixed
R_1nlx6TATB16RkYR,18,9,Premium,5.0,2,3,3,2,Mixed
R_1nlx6TATB16RkYR,18,9,Basic,3.0,2,2,2,1,Mixed
R_3HkvhU6az09rhff,19,14,Lab,5.0,3,2,2,3,Mixed
R_3HkvhU6az09rhff,19,14,Premium,4.0,3,3,3,2,Mixed
R_3HkvhU6az09rhff,19,14,Basic,5.0,2,2,2,1,Mixed
R_6XdsbZkvYUsMufM,20,18,Lab,1.0,3,1,2,3,Premium-first
R_6XdsbZkvYUsMufM,20,18,Premium,6.0,3,3,3,2,Premium-first
R_6XdsbZkvYUsMufM,20,18,Basic,4.0,2,2,2,1,Premium-first
R_7CwAPUaH3VPNbZv,21,5,Lab,1.0,3,1,3,3,Basic-first
R_7CwAPUaH3VPNbZv,21,5,Premium,3.0,2,3,3,2,Basic-first
R_7CwAPUaH3VPNbZv,21,5,Basic,6.0,1,2,2,1,Basic-first
R_7NDGtj6rECGMZFU,22,7,Lab,4.0,3,2,3,3,Low-interest all
R_7NDGtj6rECGMZFU,22,7,Premium,4.0,2,3,3,2,Low-interest all
R_7NDGtj6rECGMZFU,22,7,Basic,1.0,2,2,2,1,Low-interest all
R_5n8CMOBWPOMVXgd,23,8,Lab,2.0,3,2,2,3,Premium-first
R_5n8CMOBWPOMVXgd,23,8,Premium,7.0,2,3,3,2,Premium-first
R_5n8CMOBWPOMVXgd,23,8,Basic,6.0,2,2,2,1,Premium-first
R_3mdUOmOI5QxFQYh,24,2,Lab,3.0,3,2,2,3,Mixed
R_3mdUOmOI5QxFQYh,24,2,Premium,5.0,2,3,3,2,Mixed
R_3mdUOmOI5QxFQYh,24,2,Basic,3.0,1,2,2,1,Mixed
R_5pST6FxGLqPv6ML,25,27,Lab,7.0,2,3,3,3,Mixed
R_5pST6FxGLqPv6ML,25,27,Premium,4.0,3,3,3,2,Mixed
R_5pST6FxGLqPv6ML,25,27,Basic,3.0,3,2,2,1,Mixed
R_1GBUGqZkuJYDfMF,26,1,Lab,1.0,3,2,3,3,Basic-first
R_1GBUGqZkuJYDfMF,26,1,Premium,4.0,2,3,3,2,Basic-first
R_1GBUGqZkuJYDfMF,26,1,Basic,4.0,1,2,2,1,Basic-first
R_6iJWBtvFyXvvIAa,27,26,Lab,4.0,2,2,2,3,Basic-first
R_6iJWBtvFyXvvIAa,27,26,Premium,4.0,3,3,3,2,Basic-first
R_6iJWBtvFyXvvIAa,27,26,Basic,6.0,3,2,2,1,Basic-first
R_1K0HYbDeJFB9m5i,28,8,Lab,5.0,3,2,2,3,Mixed
R_1K0HYbDeJFB9m5i,28,8,Premium,5.0,2,3,3,2,Mixed
R_1K0HYbDeJFB9m5i,28,8,Basic,2.0,2,2,2,1,Mixed
R_12x2LqCgjm1MP74,29,24,Lab,4.0,2,1,2,3,Basic-first
R_12x2LqCgjm1MP74,29,24,Premium,4.0,3,3,3,2,Basic-first
R_12x2LqCgjm1MP74,29,24,Basic,6.0,1,2,2,1,Basic-first
R_1d0KOWd3aaLOBHS,30,30,Lab,3.0,2,1,2,3,Premium-first
R_1d0KOWd3aaLOBHS,30,30,Premium,7.0,3,3,3,2,Premium-first
R_1d0KOWd3aaLOBHS,30,30,Basic,4.0,3,2,2,1,Premium-first
R_1nl75W8A0erCHCM,31,2,Lab,1.0,3,2,2,3,Premium-first
R_1nl75W8A0erCHCM,31,2,Premium,5.0,2,3,3,2,Premium-first
R_1nl75W8A0erCHCM,31,2,Basic,4.0,1,2,2,1,Premium-first
R_1maLncNKg516tVf,32,2,Lab,3.0,3,2,2,3,Premium-first
R_1maLncNKg516tVf,32,2,Premium,7.0,2,3,3,2,Premium-first
R_1maLncNKg516tVf,32,2,Basic,3.0,1,2,2,1,Premium-first
R_18UPeBlDi0Uu6By,33,5,Lab,7.0,3,1,3,3,Mixed
R_18UPeBlDi0Uu6By,33,5,Premium,6.0,2,3,3,2,Mixed
R_18UPeBlDi0Uu6By,33,5,Basic,1.0,1,2,2,1,Mixed
R_3el4R7TREH8MsN7,34,29,Lab,7.0,2,1,3,3,Mixed
R_3el4R7TREH8MsN7,34,29,Premium,7.0,3,3,3,2,Mixed
R_3el4R7TREH8MsN7,34,29,Basic,7.0,3,2,2,1,Mixed
R_7q9u2vDeaWd6hpq,35,24,Lab,1.0,2,1,2,3,Premium-first
R_7q9u2vDeaWd6hpq,35,24,Premium,7.0,3,3,3,2,Premium-first
R_7q9u2vDeaWd6hpq,35,24,Basic,1.0,1,2,2,1,Premium-first
R_7XKiIWluKC8mfjH,36,8,Lab,3.0,3,2,2,3,Premium-first
R_7XKiIWluKC8mfjH,36,8,Premium,7.0,2,3,3,2,Premium-first
R_7XKiIWluKC8mfjH,36,8,Basic,4.0,2,2,2,1,Premium-first
R_1zwN53tw0B281n3,37,21,Lab,7.0,2,3,3,3,Mixed
R_1zwN53tw0B281n3,37,21,Premium,5.0,3,3,3,2,Mixed
R_1zwN53tw0B281n3,37,21,Basic,2.0,1,2,2,1,Mixed
R_17d8kjroJjoVwfe,38,15,Lab,5.0,3,3,3,3,Mixed
R_17d8kjroJjoVwfe,38,15,Premium,4.0,3,3,3,2,Mixed
R_17d8kjroJjoVwfe,38,15,Basic,4.0,2,2,2,1,Mixed
R_6MKclXG7GJSooTu,39,15,Lab,7.0,3,3,3,3,Mixed
R_6MKclXG7GJSooTu,39,15,Premium,6.0,3,3,3,2,Mixed
R_6MKclXG7GJSooTu,39,15,Basic,5.0,2,2,2,1,Mixed
R_7kgGfEBIipZundL,40,15,Lab,5.0,3,3,3,3,Mixed
R_7kgGfEBIipZundL,40,15,Premium,5.0,3,3,3,2,Mixed
R_7kgGfEBIipZundL,40,15,Basic,4.0,2,2,2,1,Mixed
R_1pyxno2lts21Tym,41,28,Lab,6.0,2,3,2,3,Basic-first
R_1pyxno2lts21Tym,41,28,Premium,1.0,3,3,3,2,Basic-first
R_1pyxno2lts21Tym,41,28,Basic,7.0,3,2,2,1,Basic-first
R_12mWQChT595hXlk,42,23,Lab,5.0,2,1,3,3,Basic-first
R_12mWQChT595hXlk,42,23,Premium,3.0,3,3,3,2,Basic-first
R_12mWQChT595hXlk,42,23,Basic,7.0,1,2,2,1,Basic-first
R_1ERMYM2Tz8TeGQm,43,9,Lab,5.0,3,3,3,3,Mixed
R_1ERMYM2Tz8TeGQm,43,9,Premium,7.0,2,3,3,2,Mixed
R_1ERMYM2Tz8TeGQm,43,9,Basic,6.0,2,2,2,1,Mixed
R_1yci8ywgNUoHR9D,44,21,Lab,1.0,2,3,3,3,Basic-first
R_1yci8ywgNUoHR9D,44,21,Premium,1.0,3,3,3,2,Basic-first
R_1yci8ywgNUoHR9D,44,21,Basic,7.0,1,2,2,1,Basic-first
R_1MSejFFMozwHA9B,45,17,Lab,1.0,3,1,3,3,Premium-first
R_1MSejFFMozwHA9B,45,17,Premium,7.0,3,3,3,2,Premium-first
R_1MSejFFMozwHA9B,45,17,Basic,7.0,2,2,2,1,Premium-first
R_1lR1jGaS3sg6Qch,46,22,Lab,1.0,2,3,2,3,Basic-first
R_1lR1jGaS3sg6Qch,46,22,Premium,5.0,3,3,3,2,Basic-first
R_1lR1jGaS3sg6Qch,46,22,Basic,6.0,1,2,2,1,Basic-first
R_1REfWS4IcJjm1Md,47,18,Lab,1.0,3,1,2,3,Premium-first
R_1REfWS4IcJjm1Md,47,18,Premium,5.0,3,3,3,2,Premium-first
R_1REfWS4IcJjm1Md,47,18,Basic,5.0,2,2,2,1,Premium-first
R_31TWcoT5JU5NY4T,48,26,Lab,2.0,2,2,2,3,Premium-first
R_31TWcoT5JU5NY4T,48,26,Premium,6.0,3,3,3,2,Premium-first
R_31TWcoT5JU5NY4T,48,26,Basic,5.0,3,2,2,1,Premium-first
R_1s69y7AcOo4CgQT,49,25,Lab,5.0,2,2,3,3,Mixed
R_1s69y7AcOo4CgQT,49,25,Premium,6.0,3,3,3,2,Mixed
R_1s69y7AcOo4CgQT,49,25,Basic,3.0,3,2,2,1,Mixed
R_39Y0FPcnz4r4wMx,50,4,Lab,4.0,3,3,2,3,Basic-first
R_39Y0FPcnz4r4wMx,50,4,Premium,6.0,2,3,3,2,Basic-first
R_39Y0FPcnz4r4wMx,50,4,Basic,7.0,1,2,2,1,Basic-first
R_3Nz7SD9U0pv2uO0,51,9,Lab,1.0,3,3,3,3,Premium-first
R_3Nz7SD9U0pv2uO0,51,9,Premium,7.0,2,3,3,2,Premium-first
R_3Nz7SD9U0pv2uO0,51,9,Basic,5.0,2,2,2,1,Premium-first
R_1MrR0YNBzkOj6mJ,52,4,Lab,4.0,3,3,2,3,Basic-first
R_1MrR0YNBzkOj6mJ,52,4,Premium,4.0,2,3,3,2,Basic-first
R_1MrR0YNBzkOj6mJ,52,4,Basic,5.0,1,2,2,1,Basic-first
R_1l2snbmgS02rZbH,53,16,Lab,5.0,3,3,2,3,Mixed
R_1l2snbmgS02rZbH,53,16,Premium,7.0,3,3,3,2,Mixed
R_1l2snbmgS02rZbH,53,16,Basic,6.0,2,2,2,1,Mixed
R_3mRxXivHCQHrRK4,54,20,Lab,4.0,2,2,2,3,Mixed
R_3mRxXivHCQHrRK4,54,20,Premium,5.0,3,3,3,2,Mixed
R_3mRxXivHCQHrRK4,54,20,Basic,3.0,1,2,2,1,Mixed
R_5qQntzsh7E13ZGS,55,2,Lab,2.0,3,2,2,3,Premium-first
R_5qQntzsh7E13ZGS,55,2,Premium,6.0,2,3,3,2,Premium-first
R_5qQntzsh7E13ZGS,55,2,Basic,3.0,1,2,2,1,Premium-first
R_3ffkHKrGe46N4dB,56,12,Lab,5.0,3,1,2,3,Mixed
R_3ffkHKrGe46N4dB,56,12,Premium,6.0,2,3,3,2,Mixed
R_3ffkHKrGe46N4dB,56,12,Basic,4.0,2,2,2,1,Mixed
R_5UiB6PP9SMZcfwB,57,23,Lab,1.0,2,1,3,3,Premium-first
R_5UiB6PP9SMZcfwB,57,23,Premium,6.0,3,3,3,2,Premium-first
R_5UiB6PP9SMZcfwB,57,23,Basic,5.0,1,2,2,1,Premium-first
R_7tFmybZxwLdVtOs,58,13,Lab,1.0,3,2,3,3,Premium-first
R_7tFmybZxwLdVtOs,58,13,Premium,7.0,3,3,3,2,Premium-first
R_7tFmybZxwLdVtOs,58,13,Basic,4.0,2,2,2,1,Premium-first
R_3dG7po6z8CGDQJA,59,16,Lab,5.0,3,3,2,3,Mixed
R_3dG7po6z8CGDQJA,59,16,Premium,6.0,3,3,3,2,Mixed
R_3dG7po6z8CGDQJA,59,16,Basic,6.0,2,2,2,1,Mixed
R_7mjBYa49OkzBSAj,60,17,Lab,3.0,3,1,3,3,Premium-first
R_7mjBYa49OkzBSAj,60,17,Premium,6.0,3,3,3,2,Premium-first
R_7mjBYa49OkzBSAj,60,17,Basic,5.0,2,2,2,1,Premium-first
R_5ZOLBWyxZV0q3tV,61,11,Lab,6.0,3,1,3,3,Mixed
R_5ZOLBWyxZV0q3tV,61,11,Premium,5.0,2,3,3,2,Mixed
R_5ZOLBWyxZV0q3tV,61,11,Basic,1.0,2,2,2,1,Mixed
R_7DuwgJaAF9iVPdI,62,16,Lab,3.0,3,3,2,3,Premium-first
R_7DuwgJaAF9iVPdI,62,16,Premium,6.0,3,3,3,2,Premium-first
R_7DuwgJaAF9iVPdI,62,16,Basic,6.0,2,2,2,1,Premium-first
R_7j8bUXX7h7wM7MU,63,29,Lab,1.0,2,1,3,3,Low-interest all
R_7j8bUXX7h7wM7MU,63,29,Premium,1.0,3,3,3,2,Low-interest all
R_7j8bUXX7h7wM7MU,63,29,Basic,1.0,3,2,2,1,Low-interest all
R_1Qsw5pRvxdnpcqx,64,15,Lab,5.0,3,3,3,3,Mixed
R_1Qsw5pRvxdnpcqx,64,15,Premium,5.0,3,3,3,2,Mixed
R_1Qsw5pRvxdnpcqx,64,15,Basic,3.0,2,2,2,1,Mixed
R_51iGmVVTJeeK3x4,65,19,Lab,1.0,2,2,3,3,Low-interest all
R_51iGmVVTJeeK3x4,65,19,Premium,1.0,3,3,3,2,Low-interest all
R_51iGmVVTJeeK3x4,65,19,Basic,2.0,1,2,2,1,Low-interest all
R_30Aymj1iHnui0I9,66,21,Lab,7.0,2,3,3,3,Mixed
R_30Aymj1iHnui0I9,66,21,Premium,5.0,3,3,3,2,Mixed
R_30Aymj1iHnui0I9,66,21,Basic,4.0,1,2,2,1,Mixed
R_7PzfZcEHhUXSHJj,67,13,Lab,3.0,3,2,3,3,Mixed
R_7PzfZcEHhUXSHJj,67,13,Premium,6.0,3,3,3,2,Mixed
R_7PzfZcEHhUXSHJj,67,13,Basic,2.0,2,2,2,1,Mixed
R_51jgyhY3EkWNqGA,68,19,Lab,1.0,2,2,3,3,Basic-first
R_51jgyhY3EkWNqGA,68,19,Premium,4.0,3,3,3,2,Basic-first
R_51jgyhY3EkWNqGA,68,19,Basic,7.0,1,2,2,1,Basic-first
R_7dal8M83JqUbxmv,69,1,Lab,6.0,3,2,3,3,Mixed
R_7dal8M83JqUbxmv,69,1,Premium,6.0,2,3,3,2,Mixed
R_7dal8M83JqUbxmv,69,1,Basic,2.0,1,2,2,1,Mixed
R_7MS9Nc5ljeG56Gx,70,2,Lab,3.0,3,2,2,3,Basic-first
R_7MS9Nc5ljeG56Gx,70,2,Premium,4.0,2,3,3,2,Basic-first
R_7MS9Nc5ljeG56Gx,70,2,Basic,4.0,1,2,2,1,Basic-first
R_333k8MwgZEQkzah,71,12,Lab,5.0,3,1,2,3,Mixed
R_333k8MwgZEQkzah,71,12,Premium,7.0,2,3,3,2,Mixed
R_333k8MwgZEQkzah,71,12,Basic,3.0,2,2,2,1,Mixed
R_5jnspae0MP9bdPH,72,1,Lab,2.0,3,2,3,3,Basic-first
R_5jnspae0MP9bdPH,72,1,Premium,2.0,2,3,3,2,Basic-first
R_5jnspae0MP9bdPH,72,1,Basic,7.0,1,2,2,1,Basic-first
R_5ClZUmMPlAm5RXW,73,28,Lab,4.0,2,3,2,3,Basic-first
R_5ClZUmMPlAm5RXW,73,28,Premium,2.0,3,3,3,2,Basic-first
R_5ClZUmMPlAm5RXW,73,28,Basic,5.0,3,2,2,1,Basic-first
R_7qb582avw646OLV,74,23,Lab,3.0,2,1,3,3,Basic-first
R_7qb582avw646OLV,74,23,Premium,4.0,3,3,3,2,Basic-first
R_7qb582avw646OLV,74,23,Basic,4.0,1,2,2,1,Basic-first
R_6ztMpTTcpKcXvrN,75,3,Lab,1.0,3,3,3,3,Basic-first
R_6ztMpTTcpKcXvrN,75,3,Premium,2.0,2,3,3,2,Basic-first
R_6ztMpTTcpKcXvrN,75,3,Basic,7.0,1,2,2,1,Basic-first
R_3gRxk0sL9I9Uv2H,76,22,Lab,2.0,2,3,2,3,Basic-first
R_3gRxk0sL9I9Uv2H,76,22,Premium,4.0,3,3,3,2,Basic-first
R_3gRxk0sL9I9Uv2H,76,22,Basic,7.0,1,2,2,1,Basic-first
R_7H0sIYE1EFWgU2K,77,3,Lab,1.0,3,3,3,3,Premium-first
R_7H0sIYE1EFWgU2K,77,3,Premium,7.0,2,3,3,2,Premium-first
R_7H0sIYE1EFWgU2K,77,3,Basic,1.0,1,2,2,1,Premium-first
R_5YQBT5RpmDCEE4p,78,18,Lab,1.0,3,1,2,3,Premium-first
R_5YQBT5RpmDCEE4p,78,18,Premium,5.0,3,3,3,2,Premium-first
R_5YQBT5RpmDCEE4p,78,18,Basic,5.0,2,2,2,1,Premium-first
R_64o1yvyAIZGY8t6,79,27,Lab,1.0,2,3,3,3,Low-interest all
R_64o1yvyAIZGY8t6,79,27,Premium,1.0,3,3,3,2,Low-interest all
R_64o1yvyAIZGY8t6,79,27,Basic,3.0,3,2,2,1,Low-interest all
R_5rMMUKiBxHD8pQr,80,6,Lab,2.0,3,1,2,3,Premium-first
R_5rMMUKiBxHD8pQr,80,6,Premium,6.0,2,3,3,2,Premium-first
R_5rMMUKiBxHD8pQr,80,6,Basic,5.0,1,2,2,1,Premium-first
R_746hUmgdr8e3XUd,81,23,Lab,1.0,2,1,3,3,Low-interest all
R_746hUmgdr8e3XUd,81,23,Premium,2.0,3,3,3,2,Low-interest all
R_746hUmgdr8e3XUd,81,23,Basic,2.0,1,2,2,1,Low-interest all
R_3C4fe26O1Yt8wjD,82,17,Lab,1.0,3,1,3,3,Premium-first
R_3C4fe26O1Yt8wjD,82,17,Premium,7.0,3,3,3,2,Premium-first
R_3C4fe26O1Yt8wjD,82,17,Basic,1.0,2,2,2,1,Premium-first
R_3qppR8rQcQpvTSa,83,7,Lab,1.0,3,2,3,3,Premium-first
R_3qppR8rQcQpvTSa,83,7,Premium,7.0,2,3,3,2,Premium-first
R_3qppR8rQcQpvTSa,83,7,Basic,2.0,2,2,2,1,Premium-first
R_6OjEAEvmGi3BFyb,84,27,Lab,1.0,2,3,3,3,Premium-first
R_6OjEAEvmGi3BFyb,84,27,Premium,7.0,3,3,3,2,Premium-first
R_6OjEAEvmGi3BFyb,84,27,Basic,5.0,3,2,2,1,Premium-first
R_7SEU0kbM7JT01cl,85,25,Lab,5.0,2,2,3,3,Mixed
R_7SEU0kbM7JT01cl,85,25,Premium,5.0,3,3,3,2,Mixed
R_7SEU0kbM7JT01cl,85,25,Basic,4.0,3,2,2,1,Mixed
R_3wVuCZiVn7elTJT,86,13,Lab,1.0,3,2,3,3,Premium-first
R_3wVuCZiVn7elTJT,86,13,Premium,7.0,3,3,3,2,Premium-first
R_3wVuCZiVn7elTJT,86,13,Basic,5.0,2,2,2,1,Premium-first
R_7udpXVra9oem24x,87,15,Lab,2.0,3,3,3,3,Premium-first
R_7udpXVra9oem24x,87,15,Premium,6.0,3,3,3,2,Premium-first
R_7udpXVra9oem24x,87,15,Basic,3.0,2,2,2,1,Premium-first
R_1l0FS01YSxQfvqP,88,13,Lab,2.0,3,2,3,3,Basic-first
R_1l0FS01YSxQfvqP,88,13,Premium,4.0,3,3,3,2,Basic-first
R_1l0FS01YSxQfvqP,88,13,Basic,4.0,2,2,2,1,Basic-first
R_32W7GCucL12WPoQ,89,19,Lab,2.0,2,2,3,3,Premium-first
R_32W7GCucL12WPoQ,89,19,Premium,5.0,3,3,3,2,Premium-first
R_32W7GCucL12WPoQ,89,19,Basic,5.0,1,2,2,1,Premium-first
R_1sQNCgST6vsvV1F,90,16,Lab,6.0,3,3,2,3,Mixed
R_1sQNCgST6vsvV1F,90,16,Premium,7.0,3,3,3,2,Mixed
R_1sQNCgST6vsvV1F,90,16,Basic,5.0,2,2,2,1,Mixed
R_7qvzMhFtYubMrrR,91,11,Lab,2.0,3,1,3,3,Premium-first
R_7qvzMhFtYubMrrR,91,11,Premium,7.0,2,3,3,2,Premium-first
R_7qvzMhFtYubMrrR,91,11,Basic,1.0,2,2,2,1,Premium-first
R_5d4RSkoQNb4UKGx,92,27,Lab,7.0,2,3,3,3,Mixed
R_5d4RSkoQNb4UKGx,92,27,Premium,3.0,3,3,3,2,Mixed
R_5d4RSkoQNb4UKGx,92,27,Basic,3.0,3,2,2,1,Mixed
R_6kFZDUNDRa0BXvz,93,14,Lab,4.0,3,2,2,3,Mixed
R_6kFZDUNDRa0BXvz,93,14,Premium,6.0,3,3,3,2,Mixed
R_6kFZDUNDRa0BXvz,93,14,Basic,5.0,2,2,2,1,Mixed
R_3hHgBnH7AHATjzz,94,26,Lab,1.0,2,2,2,3,Premium-first
R_3hHgBnH7AHATjzz,94,26,Premium,7.0,3,3,3,2,Premium-first
R_3hHgBnH7AHATjzz,94,26,Basic,4.0,3,2,2,1,Premium-first
R_3r0K2tOntM7ICit,95,5,Lab,5.0,3,1,3,3,Mixed
R_3r0K2tOntM7ICit,95,5,Premium,7.0,2,3,3,2,Mixed
R_3r0K2tOntM7ICit,95,5,Basic,7.0,1,2,2,1,Mixed
R_6Fktkk5SmgnUKtJ,96,6,Lab,5.0,3,1,2,3,Mixed
R_6Fktkk5SmgnUKtJ,96,6,Premium,6.0,2,3,3,2,Mixed
R_6Fktkk5SmgnUKtJ,96,6,Basic,2.0,1,2,2,1,Mixed
R_7c2CYL0qvzw0sGe,97,29,Lab,4.0,2,1,3,3,Premium-first
R_7c2CYL0qvzw0sGe,97,29,Premium,7.0,3,3,3,2,Premium-first
R_7c2CYL0qvzw0sGe,97,29,Basic,7.0,3,2,2,1,Premium-first
R_6fjSjcBuISaSuIS,98,21,Lab,3.0,2,3,3,3,Low-interest all
R_6fjSjcBuISaSuIS,98,21,Premium,2.0,3,3,3,2,Low-interest all
R_6fjSjcBuISaSuIS,98,21,Basic,4.0,1,2,2,1,Low-interest all
R_7qW1e7LR35KuVXa,99,29,Lab,1.0,2,1,3,3,Premium-first
R_7qW1e7LR35KuVXa,99,29,Premium,6.0,3,3,3,2,Premium-first
R_7qW1e7LR35KuVXa,99,29,Basic,5.0,3,2,2,1,Premium-first
R_5kJXsQuT9SNqXi9,100,20,Lab,1.0,2,2,2,3,Premium-first
R_5kJXsQuT9SNqXi9,100,20,Premium,7.0,3,3,3,2,Premium-first
R_5kJXsQuT9SNqXi9,100,20,Basic,7.0,1,2,2,1,Premium-first
R_7FG7694zukL9iBf,101,7,Lab,1.0,3,2,3,3,Premium-first
R_7FG7694zukL9iBf,101,7,Premium,7.0,2,3,3,2,Premium-first
R_7FG7694zukL9iBf,101,7,Basic,1.0,2,2,2,1,Premium-first
R_5odIIUGHkrX2XrL,102,20,Lab,5.0,2,2,2,3,Mixed
R_5odIIUGHkrX2XrL,102,20,Premium,6.0,3,3,3,2,Mixed
R_5odIIUGHkrX2XrL,102,20,Basic,3.0,1,2,2,1,Mixed
R_7rvceKGfVXNloOp,103,29,Lab,2.0,2,1,3,3,Premium-first
R_7rvceKGfVXNloOp,103,29,Premium,7.0,3,3,3,2,Premium-first
R_7rvceKGfVXNloOp,103,29,Basic,3.0,3,2,2,1,Premium-first
R_7tKZzxDQsuryVHe,104,28,Lab,1.0,2,3,2,3,Premium-first
R_7tKZzxDQsuryVHe,104,28,Premium,6.0,3,3,3,2,Premium-first
R_7tKZzxDQsuryVHe,104,28,Basic,5.0,3,2,2,1,Premium-first
R_5HIWB0PzKb8SiVb,105,27,Lab,2.0,2,3,3,3,Premium-first
R_5HIWB0PzKb8SiVb,105,27,Premium,7.0,3,3,3,2,Premium-first
R_5HIWB0PzKb8SiVb,105,27,Basic,6.0,3,2,2,1,Premium-first
R_3RU09TdyruhTY4t,106,13,Lab,2.0,3,2,3,3,Premium-first
R_3RU09TdyruhTY4t,106,13,Premium,6.0,3,3,3,2,Premium-first
R_3RU09TdyruhTY4t,106,13,Basic,5.0,2,2,2,1,Premium-first
R_1je1xG8P6Uq1rby,107,12,Lab,1.0,3,1,2,3,Premium-first
R_1je1xG8P6Uq1rby,107,12,Premium,7.0,2,3,3,2,Premium-first
R_1je1xG8P6Uq1rby,107,12,Basic,6.0,2,2,2,1,Premium-first
R_5G8GciebA802ONS,108,10,Lab,1.0,3,3,2,3,Premium-first
R_5G8GciebA802ONS,108,10,Premium,6.0,2,3,3,2,Premium-first
R_5G8GciebA802ONS,108,10,Basic,7.0,2,2,2,1,Premium-first
R_1fveaAyOeo5MB5O,109,16,Lab,5.0,3,3,2,3,Mixed
R_1fveaAyOeo5MB5O,109,16,Premium,7.0,3,3,3,2,Mixed
R_1fveaAyOeo5MB5O,109,16,Basic,6.0,2,2,2,1,Mixed
R_3vr9S95J9bl8dJ7,110,18,Lab,7.0,3,1,2,3,Mixed
R_3vr9S95J9bl8dJ7,110,18,Premium,7.0,3,3,3,2,Mixed
R_3vr9S95J9bl8dJ7,110,18,Basic,6.0,2,2,2,1,Mixed
R_5m97Zhn9AyL8iXf,111,15,Lab,3.0,3,3,3,3,Basic-first
R_5m97Zhn9AyL8iXf,111,15,Premium,3.0,3,3,3,2,Basic-first
R_5m97Zhn9AyL8iXf,111,15,Basic,7.0,2,2,2,1,Basic-first
R_3wTPEKZGafHoc7v,112,3,Lab,1.0,3,3,3,3,Premium-first
R_3wTPEKZGafHoc7v,112,3,Premium,7.0,2,3,3,2,Premium-first
R_3wTPEKZGafHoc7v,112,3,Basic,5.0,1,2,2,1,Premium-first
R_3CWD5jP0eqAFcKY,113,17,Lab,7.0,3,1,3,3,Mixed
R_3CWD5jP0eqAFcKY,113,17,Premium,7.0,3,3,3,2,Mixed
R_3CWD5jP0eqAFcKY,113,17,Basic,2.0,2,2,2,1,Mixed
R_5iQLRR9L2M6LYTq,114,25,Lab,7.0,2,2,3,3,Mixed
R_5iQLRR9L2M6LYTq,114,25,Premium,5.0,3,3,3,2,Mixed
R_5iQLRR9L2M6LYTq,114,25,Basic,4.0,3,2,2,1,Mixed
R_5M2U6XtWlO4nxLz,115,7,Lab,1.0,3,2,3,3,Premium-first
R_5M2U6XtWlO4nxLz,115,7,Premium,7.0,2,3,3,2,Premium-first
R_5M2U6XtWlO4nxLz,115,7,Basic,7.0,2,2,2,1,Premium-first
R_3Ns8G25QplPv1vE,116,11,Lab,7.0,3,1,3,3,Mixed
R_3Ns8G25QplPv1vE,116,11,Premium,4.0,2,3,3,2,Mixed
R_3Ns8G25QplPv1vE,116,11,Basic,1.0,2,2,2,1,Mixed
R_301M7HNjvPw9qMf,117,16,Lab,4.0,3,3,2,3,Mixed
R_301M7HNjvPw9qMf,117,16,Premium,7.0,3,3,3,2,Mixed
R_301M7HNjvPw9qMf,117,16,Basic,4.0,2,2,2,1,Mixed
R_3EPeaE6tkB4kQOB,118,5,Lab,3.0,3,1,3,3,Premium-first
R_3EPeaE6tkB4kQOB,118,5,Premium,6.0,2,3,3,2,Premium-first
R_3EPeaE6tkB4kQOB,118,5,Basic,6.0,1,2,2,1,Premium-first
R_7U3IU2VjEUcO93O,119,13,Lab,1.0,3,2,3,3,Basic-first
R_7U3IU2VjEUcO93O,119,13,Premium,5.0,3,3,3,2,Basic-first
R_7U3IU2VjEUcO93O,119,13,Basic,6.0,2,2,2,1,Basic-first
R_7jUSpk1Q3ve5nb1,120,26,Lab,6.0,2,2,2,3,Mixed
R_7jUSpk1Q3ve5nb1,120,26,Premium,7.0,3,3,3,2,Mixed
R_7jUSpk1Q3ve5nb1,120,26,Basic,2.0,3,2,2,1,Mixed
R_6PStiUagef09DVL,121,5,Lab,1.0,3,1,3,3,Low-interest all
R_6PStiUagef09DVL,121,5,Premium,1.0,2,3,3,2,Low-interest all
R_6PStiUagef09DVL,121,5,Basic,2.0,1,2,2,1,Low-interest all
R_37d53kts5GLxcyZ,122,4,Lab,1.0,3,3,2,3,Premium-first
R_37d53kts5GLxcyZ,122,4,Premium,6.0,2,3,3,2,Premium-first
R_37d53kts5GLxcyZ,122,4,Basic,4.0,1,2,2,1,Premium-first
R_5eCqIFFzfZ5iE3e,123,15,Lab,7.0,3,3,3,3,Mixed
R_5eCqIFFzfZ5iE3e,123,15,Premium,5.0,3,3,3,2,Mixed
R_5eCqIFFzfZ5iE3e,123,15,Basic,5.0,2,2,2,1,Mixed
R_7hbDRpEbttiN7GP,124,22,Lab,6.0,2,3,2,3,Mixed
R_7hbDRpEbttiN7GP,124,22,Premium,6.0,3,3,3,2,Mixed
R_7hbDRpEbttiN7GP,124,22,Basic,6.0,1,2,2,1,Mixed
R_5tF55jwvWcjniCt,125,23,Lab,1.0,2,1,3,3,Premium-first
R_5tF55jwvWcjniCt,125,23,Premium,7.0,3,3,3,2,Premium-first
R_5tF55jwvWcjniCt,125,23,Basic,7.0,1,2,2,1,Premium-first
R_7HZXAmkvKWYwTWT,126,21,Lab,5.0,2,3,3,3,Mixed
R_7HZXAmkvKWYwTWT,126,21,Premium,7.0,3,3,3,2,Mixed
R_7HZXAmkvKWYwTWT,126,21,Basic,3.0,1,2,2,1,Mixed
R_60DbcUbWzKzMri6,127,18,Lab,3.0,3,1,2,3,Premium-first
R_60DbcUbWzKzMri6,127,18,Premium,6.0,3,3,3,2,Premium-first
R_60DbcUbWzKzMri6,127,18,Basic,5.0,2,2,2,1,Premium-first
R_741tjXyrX7SHMBd,128,28,Lab,6.0,2,3,2,3,Mixed
R_741tjXyrX7SHMBd,128,28,Premium,5.0,3,3,3,2,Mixed
R_741tjXyrX7SHMBd,128,28,Basic,4.0,3,2,2,1,Mixed
R_7I5ZyqVrAVCupfI,129,13,Lab,5.0,3,2,3,3,Mixed
R_7I5ZyqVrAVCupfI,129,13,Premium,6.0,3,3,3,2,Mixed
R_7I5ZyqVrAVCupfI,129,13,Basic,2.0,2,2,2,1,Mixed
R_7MhW6Fvqo2RQzNM,130,15,Lab,1.0,3,3,3,3,Low-interest all
R_7MhW6Fvqo2RQzNM,130,15,Premium,2.0,3,3,3,2,Low-interest all
R_7MhW6Fvqo2RQzNM,130,15,Basic,2.0,2,2,2,1,Low-interest all
R_6rvxiAZqrWBk7Gp,131,6,Lab,5.0,3,1,2,3,Mixed
R_6rvxiAZqrWBk7Gp,131,6,Premium,6.0,2,3,3,2,Mixed
R_6rvxiAZqrWBk7Gp,131,6,Basic,2.0,1,2,2,1,Mixed
R_5dt5A9V6uZ7rMR4,132,3,Lab,1.0,3,3,3,3,Premium-first
R_5dt5A9V6uZ7rMR4,132,3,Premium,7.0,2,3,3,2,Premium-first
R_5dt5A9V6uZ7rMR4,132,3,Basic,5.0,1,2,2,1,Premium-first
R_5xKJT8QOTYT9q94,133,26,Lab,5.0,2,2,2,3,Mixed
R_5xKJT8QOTYT9q94,133,26,Premium,7.0,3,3,3,2,Mixed
R_5xKJT8QOTYT9q94,133,26,Basic,4.0,3,2,2,1,Mixed
R_5kG5AJHECrzv7ww,134,27,Lab,6.0,2,3,3,3,Mixed
R_5kG5AJHECrzv7ww,134,27,Premium,6.0,3,3,3,2,Mixed
R_5kG5AJHECrzv7ww,134,27,Basic,4.0,3,2,2,1,Mixed
R_3uNBpAGcgNnpdYp,135,14,Lab,4.0,3,2,2,3,Mixed
R_3uNBpAGcgNnpdYp,135,14,Premium,4.0,3,3,3,2,Mixed
R_3uNBpAGcgNnpdYp,135,14,Basic,4.0,2,2,2,1,Mixed
R_3d3KO89W4tOsVgX,136,23,Lab,7.0,2,1,3,3,Mixed
R_3d3KO89W4tOsVgX,136,23,Premium,6.0,3,3,3,2,Mixed
R_3d3KO89W4tOsVgX,136,23,Basic,2.0,1,2,2,1,Mixed
R_5r1z7wvZJjJIKPM,137,26,Lab,5.0,2,2,2,3,Mixed
R_5r1z7wvZJjJIKPM,137,26,Premium,7.0,3,3,3,2,Mixed
R_5r1z7wvZJjJIKPM,137,26,Basic,3.0,3,2,2,1,Mixed
R_7DgTl2hg7Zy6b1n,138,28,Lab,4.0,2,3,2,3,Basic-first
R_7DgTl2hg7Zy6b1n,138,28,Premium,3.0,3,3,3,2,Basic-first
R_7DgTl2hg7Zy6b1n,138,28,Basic,5.0,3,2,2,1,Basic-first
R_5B2SzXa3zl9TJtH,139,1,Lab,4.0,3,2,3,3,Mixed
R_5B2SzXa3zl9TJtH,139,1,Premium,7.0,2,3,3,2,Mixed
R_5B2SzXa3zl9TJtH,139,1,Basic,1.0,1,2,2,1,Mixed
R_71UbGMAD4hZ0gBH,140,27,Lab,7.0,2,3,3,3,Low-interest all
R_71UbGMAD4hZ0gBH,140,27,Premium,1.0,3,3,3,2,Low-interest all
R_71UbGMAD4hZ0gBH,140,27,Basic,1.0,3,2,2,1,Low-interest all
R_73TwzCyfrM8q2lS,141,25,Lab,1.0,2,2,3,3,Basic-first
R_73TwzCyfrM8q2lS,141,25,Premium,2.0,3,3,3,2,Basic-first
R_73TwzCyfrM8q2lS,141,25,Basic,7.0,3,2,2,1,Basic-first
R_6gMuZEkcuRX5JzW,142,6,Lab,1.0,3,1,2,3,Low-interest all
R_6gMuZEkcuRX5JzW,142,6,Premium,2.0,2,3,3,2,Low-interest all
R_6gMuZEkcuRX5JzW,142,6,Basic,1.0,1,2,2,1,Low-interest all
R_5rT5UqZlDovzyB0,143,6,Lab,5.0,3,1,2,3,Mixed
R_5rT5UqZlDovzyB0,143,6,Premium,7.0,2,3,3,2,Mixed
R_5rT5UqZlDovzyB0,143,6,Basic,3.0,1,2,2,1,Mixed
R_7EGJJGI9pKtvHeP,144,15,Lab,2.0,3,3,3,3,Low-interest all
R_7EGJJGI9pKtvHeP,144,15,Premium,1.0,3,3,3,2,Low-interest all
R_7EGJJGI9pKtvHeP,144,15,Basic,1.0,2,2,2,1,Low-interest all
R_7JaUzSnaRUiPcwg,145,9,Lab,7.0,3,3,3,3,Mixed
R_7JaUzSnaRUiPcwg,145,9,Premium,7.0,2,3,3,2,Mixed
R_7JaUzSnaRUiPcwg,145,9,Basic,4.0,2,2,2,1,Mixed
R_14L7qc0ZjxU2g37,146,23,Lab,7.0,2,1,3,3,Mixed
R_14L7qc0ZjxU2g37,146,23,Premium,7.0,3,3,3,2,Mixed
R_14L7qc0ZjxU2g37,146,23,Basic,1.0,1,2,2,1,Mixed
R_3PZOavImANIPFBC,147,14,Lab,4.0,3,2,2,3,Mixed
R_3PZOavImANIPFBC,147,14,Premium,7.0,3,3,3,2,Mixed
R_3PZOavImANIPFBC,147,14,Basic,4.0,2,2,2,1,Mixed
R_5RdzzDzjttvg7eY,148,3,Lab,1.0,3,3,3,3,Basic-first
R_5RdzzDzjttvg7eY,148,3,Premium,5.0,2,3,3,2,Basic-first
R_5RdzzDzjttvg7eY,148,3,Basic,7.0,1,2,2,1,Basic-first
R_3SwUYxTwo0eRJM5,149,14,Lab,1.0,3,2,2,3,Basic-first
R_3SwUYxTwo0eRJM5,149,14,Premium,4.0,3,3,3,2,Basic-first
R_3SwUYxTwo0eRJM5,149,14,Basic,7.0,2,2,2,1,Basic-first
R_5NBdKr01tbpktjP,150,30,Lab,2.0,2,1,2,3,Basic-first
R_5NBdKr01tbpktjP,150,30,Premium,4.0,3,3,3,2,Basic-first
R_5NBdKr01tbpktjP,150,30,Basic,6.0,3,2,2,1,Basic-first
R_6JwKHhj1rG8RGHw,151,3,Lab,7.0,3,3,3,3,Mixed
R_6JwKHhj1rG8RGHw,151,3,Premium,6.0,2,3,3,2,Mixed
R_6JwKHhj1rG8RGHw,151,3,Basic,6.0,1,2,2,1,Mixed
R_6q8Gu7SDepBJ2ZW,152,27,Lab,5.0,2,3,3,3,Mixed
R_6q8Gu7SDepBJ2ZW,152,27,Premium,4.0,3,3,3,2,Mixed
R_6q8Gu7SDepBJ2ZW,152,27,Basic,4.0,3,2,2,1,Mixed
R_1Lw13CdRA7SAUqU,153,2,Lab,4.0,3,2,2,3,Mixed
R_1Lw13CdRA7SAUqU,153,2,Premium,7.0,2,3,3,2,Mixed
R_1Lw13CdRA7SAUqU,153,2,Basic,1.0,1,2,2,1,Mixed
R_7ofeGycCsUqqpm9,154,26,Lab,4.0,2,2,2,3,Mixed
R_7ofeGycCsUqqpm9,154,26,Premium,7.0,3,3,3,2,Mixed
R_7ofeGycCsUqqpm9,154,26,Basic,4.0,3,2,2,1,Mixed
R_5emZNsvkTH8suGI,155,6,Lab,2.0,3,1,2,3,Premium-first
R_5emZNsvkTH8suGI,155,6,Premium,6.0,2,3,3,2,Premium-first
R_5emZNsvkTH8suGI,155,6,Basic,4.0,1,2,2,1,Premium-first
R_7lANzBrfXz4xEPG,156,15,Lab,3.0,3,3,3,3,Premium-first
R_7lANzBrfXz4xEPG,156,15,Premium,6.0,3,3,3,2,Premium-first
R_7lANzBrfXz4xEPG,156,15,Basic,4.0,2,2,2,1,Premium-first
R_7tzfJjc289wihbv,157,15,Lab,5.0,3,3,3,3,Mixed
R_7tzfJjc289wihbv,157,15,Premium,5.0,3,3,3,2,Mixed
R_7tzfJjc289wihbv,157,15,Basic,2.0,2,2,2,1,Mixed
R_7R1xdTOk2CTzgvM,158,2,Lab,1.0,3,2,2,3,Premium-first
R_7R1xdTOk2CTzgvM,158,2,Premium,7.0,2,3,3,2,Premium-first
R_7R1xdTOk2CTzgvM,158,2,Basic,4.0,1,2,2,1,Premium-first
R_6K2LHgwElmqU8fO,159,3,Lab,1.0,3,3,3,3,Premium-first
R_6K2LHgwElmqU8fO,159,3,Premium,7.0,2,3,3,2,Premium-first
R_6K2LHgwElmqU8fO,159,3,Basic,1.0,1,2,2,1,Premium-first
R_7PcoRqYtbtd5UuX,160,4,Lab,2.0,3,3,2,3,Low-interest all
R_7PcoRqYtbtd5UuX,160,4,Premium,2.0,2,3,3,2,Low-interest all
R_7PcoRqYtbtd5UuX,160,4,Basic,2.0,1,2,2,1,Low-interest all
R_5HtYwNCzCT2DmBX,161,2,Lab,1.0,3,2,2,3,Basic-first
R_5HtYwNCzCT2DmBX,161,2,Premium,5.0,2,3,3,2,Basic-first
R_5HtYwNCzCT2DmBX,161,2,Basic,7.0,1,2,2,1,Basic-first
R_740KLF26tW2op2B,162,2,Lab,4.0,3,2,2,3,Mixed
R_740KLF26tW2op2B,162,2,Premium,6.0,2,3,3,2,Mixed
R_740KLF26tW2op2B,162,2,Basic,4.0,1,2,2,1,Mixed
R_54ifycqoik04oOR,163,8,Lab,4.0,3,2,2,3,Mixed
R_54ifycqoik04oOR,163,8,Premium,6.0,2,3,3,2,Mixed
R_54ifycqoik04oOR,163,8,Basic,3.0,2,2,2,1,Mixed
R_7GTYgYCcGbHCP8R,164,13,Lab,4.0,3,2,3,3,Mixed
R_7GTYgYCcGbHCP8R,164,13,Premium,7.0,3,3,3,2,Mixed
R_7GTYgYCcGbHCP8R,164,13,Basic,3.0,2,2,2,1,Mixed
R_6fpXOrL1vTF8Sl1,165,23,Lab,7.0,2,1,3,3,Mixed
R_6fpXOrL1vTF8Sl1,165,23,Premium,6.0,3,3,3,2,Mixed
R_6fpXOrL1vTF8Sl1,165,23,Basic,5.0,1,2,2,1,Mixed
R_1FdCsOpNF3tHHt7,166,26,Lab,3.0,2,2,2,3,Premium-first
R_1FdCsOpNF3tHHt7,166,26,Premium,6.0,3,3,3,2,Premium-first
R_1FdCsOpNF3tHHt7,166,26,Basic,3.0,3,2,2,1,Premium-first
R_3m9xHrePXWdV2E0,167,7,Lab,4.0,3,2,3,3,Mixed
R_3m9xHrePXWdV2E0,167,7,Premium,4.0,2,3,3,2,Mixed
R_3m9xHrePXWdV2E0,167,7,Basic,4.0,2,2,2,1,Mixed
R_7IuziF276wOTfoH,168,25,Lab,2.0,2,2,3,3,Low-interest all
R_7IuziF276wOTfoH,168,25,Premium,2.0,3,3,3,2,Low-interest all
R_7IuziF276wOTfoH,168,25,Basic,2.0,3,2,2,1,Low-interest all
R_6I6vzQX0709RT96,169,29,Lab,6.0,2,1,3,3,Mixed
R_6I6vzQX0709RT96,169,29,Premium,4.0,3,3,3,2,Mixed
R_6I6vzQX0709RT96,169,29,Basic,4.0,3,2,2,1,Mixed
R_6YkD2xmXLcOVZv3,170,17,Lab,7.0,3,1,3,3,Mixed
R_6YkD2xmXLcOVZv3,170,17,Premium,5.0,3,3,3,2,Mixed
R_6YkD2xmXLcOVZv3,170,17,Basic,5.0,2,2,2,1,Mixed
R_5GxYewkX4exRerE,171,18,Lab,4.0,3,1,2,3,Basic-first
R_5GxYewkX4exRerE,171,18,Premium,6.0,3,3,3,2,Basic-first
R_5GxYewkX4exRerE,171,18,Basic,7.0,2,2,2,1,Basic-first
R_7mjyKVLLYbSRe0z,172,5,Lab,3.0,3,1,3,3,Premium-first
R_7mjyKVLLYbSRe0z,172,5,Premium,6.0,2,3,3,2,Premium-first
R_7mjyKVLLYbSRe0z,172,5,Basic,5.0,1,2,2,1,Premium-first
R_6wiPNteb64P4ZPs,173,1,Lab,4.0,3,2,3,3,Mixed
R_6wiPNteb64P4ZPs,173,1,Premium,7.0,2,3,3,2,Mixed
R_6wiPNteb64P4ZPs,173,1,Basic,5.0,1,2,2,1,Mixed
R_3zHM8xIAA8xHrDh,174,5,Lab,5.0,3,1,3,3,Mixed
R_3zHM8xIAA8xHrDh,174,5,Premium,7.0,2,3,3,2,Mixed
R_3zHM8xIAA8xHrDh,174,5,Basic,2.0,1,2,2,1,Mixed
R_1Ec7DNh856klfkw,175,10,Lab,3.0,3,3,2,3,Premium-first
R_1Ec7DNh856klfkw,175,10,Premium,7.0,2,3,3,2,Premium-first
R_1Ec7DNh856klfkw,175,10,Basic,5.0,2,2,2,1,Premium-first
R_7AEHp7MXcVHxhcF,176,21,Lab,6.0,2,3,3,3,Mixed
R_7AEHp7MXcVHxhcF,176,21,Premium,6.0,3,3,3,2,Mixed
R_7AEHp7MXcVHxhcF,176,21,Basic,5.0,1,2,2,1,Mixed
R_1fqLlIzUsaUNmGV,177,26,Lab,1.0,2,2,2,3,Premium-first
R_1fqLlIzUsaUNmGV,177,26,Premium,7.0,3,3,3,2,Premium-first
R_1fqLlIzUsaUNmGV,177,26,Basic,4.0,3,2,2,1,Premium-first
R_1KN3ZeF6AUX57wq,178,29,Lab,4.0,2,1,3,3,Mixed
R_1KN3ZeF6AUX57wq,178,29,Premium,6.0,3,3,3,2,Mixed
R_1KN3ZeF6AUX57wq,178,29,Basic,3.0,3,2,2,1,Mixed
R_39puUVL1W0f8NOf,179,9,Lab,1.0,3,3,3,3,Premium-first
R_39puUVL1W0f8NOf,179,9,Premium,7.0,2,3,3,2,Premium-first
R_39puUVL1W0f8NOf,179,9,Basic,7.0,2,2,2,1,Premium-first
R_7fUx9c8OZqpgm5y,180,15,Lab,2.0,3,3,3,3,Basic-first
R_7fUx9c8OZqpgm5y,180,15,Premium,2.0,3,3,3,2,Basic-first
R_7fUx9c8OZqpgm5y,180,15,Basic,7.0,2,2,2,1,Basic-first
R_7dSLLReRPyTFVD8,181,1,Lab,2.0,3,2,3,3,Premium-first
R_7dSLLReRPyTFVD8,181,1,Premium,5.0,2,3,3,2,Premium-first
R_7dSLLReRPyTFVD8,181,1,Basic,4.0,1,2,2,1,Premium-first
R_6do6jEaR7XlR322,182,30,Lab,6.0,2,1,2,3,Mixed
R_6do6jEaR7XlR322,182,30,Premium,4.0,3,3,3,2,Mixed
R_6do6jEaR7XlR322,182,30,Basic,4.0,3,2,2,1,Mixed
R_3L0etFeaCRHHHrz,183,25,Lab,5.0,2,2,3,3,Mixed
R_3L0etFeaCRHHHrz,183,25,Premium,6.0,3,3,3,2,Mixed
R_3L0etFeaCRHHHrz,183,25,Basic,3.0,3,2,2,1,Mixed
R_5kGnvoIeBvO8e2L,184,20,Lab,5.0,2,2,2,3,Mixed
R_5kGnvoIeBvO8e2L,184,20,Premium,5.0,3,3,3,2,Mixed
R_5kGnvoIeBvO8e2L,184,20,Basic,2.0,1,2,2,1,Mixed
R_3dRFredAQHHhYEd,185,28,Lab,7.0,2,3,2,3,Mixed
R_3dRFredAQHHhYEd,185,28,Premium,7.0,3,3,3,2,Mixed
R_3dRFredAQHHhYEd,185,28,Basic,7.0,3,2,2,1,Mixed
R_1M6Hm5DfmiGJxwF,186,7,Lab,3.0,3,2,3,3,Basic-first
R_1M6Hm5DfmiGJxwF,186,7,Premium,4.0,2,3,3,2,Basic-first
R_1M6Hm5DfmiGJxwF,186,7,Basic,6.0,2,2,2,1,Basic-first
R_7Vgo8Unn7GwxKV8,187,11,Lab,5.0,3,1,3,3,Mixed
R_7Vgo8Unn7GwxKV8,187,11,Premium,6.0,2,3,3,2,Mixed
R_7Vgo8Unn7GwxKV8,187,11,Basic,4.0,2,2,2,1,Mixed
R_5ihsWx4DF8qlJ8O,188,19,Lab,3.0,2,2,3,3,Premium-first
R_5ihsWx4DF8qlJ8O,188,19,Premium,6.0,3,3,3,2,Premium-first
R_5ihsWx4DF8qlJ8O,188,19,Basic,5.0,1,2,2,1,Premium-first
R_6PGLf5hBsguGvi9,189,26,Lab,4.0,2,2,2,3,Mixed
R_6PGLf5hBsguGvi9,189,26,Premium,5.0,3,3,3,2,Mixed
R_6PGLf5hBsguGvi9,189,26,Basic,5.0,3,2,2,1,Mixed
R_6xfOaVJHA2varSN,190,1,Lab,1.0,3,2,3,3,Premium-first
R_6xfOaVJHA2varSN,190,1,Premium,7.0,2,3,3,2,Premium-first
R_6xfOaVJHA2varSN,190,1,Basic,7.0,1,2,2,1,Premium-first
R_7Ebgf9kbbq71pLC,191,2,Lab,1.0,3,2,2,3,Basic-first
R_7Ebgf9kbbq71pLC,191,2,Premium,4.0,2,3,3,2,Basic-first
R_7Ebgf9kbbq71pLC,191,2,Basic,7.0,1,2,2,1,Basic-first
R_3AXQlHerXEQV3Yp,192,28,Lab,5.0,2,3,2,3,Mixed
R_3AXQlHerXEQV3Yp,192,28,Premium,6.0,3,3,3,2,Mixed
R_3AXQlHerXEQV3Yp,192,28,Basic,6.0,3,2,2,1,Mixed
R_71Gp1aK4ZviVL4B,193,14,Lab,1.0,3,2,2,3,Basic-first
R_71Gp1aK4ZviVL4B,193,14,Premium,1.0,3,3,3,2,Basic-first
R_71Gp1aK4ZviVL4B,193,14,Basic,7.0,2,2,2,1,Basic-first
R_638qanRbajRz0SC,195,12,Lab,2.0,3,1,2,3,Premium-first
R_638qanRbajRz0SC,195,12,Premium,7.0,2,3,3,2,Premium-first
R_638qanRbajRz0SC,195,12,Basic,5.0,2,2,2,1,Premium-first
R_6mc8dB8A9z4D3Ud,196,25,Lab,2.0,2,2,3,3,Premium-first
R_6mc8dB8A9z4D3Ud,196,25,Premium,6.0,3,3,3,2,Premium-first
R_6mc8dB8A9z4D3Ud,196,25,Basic,3.0,3,2,2,1,Premium-first
R_507unbwKO7HeUx2,197,24,Lab,3.0,2,1,2,3,Mixed
R_507unbwKO7HeUx2,197,24,Premium,6.0,3,3,3,2,Mixed
R_507unbwKO7HeUx2,197,24,Basic,1.0,1,2,2,1,Mixed
R_7sDzNkszKRrtAk1,198,12,Lab,1.0,3,1,2,3,Premium-first
R_7sDzNkszKRrtAk1,198,12,Premium,6.0,2,3,3,2,Premium-first
R_7sDzNkszKRrtAk1,198,12,Basic,5.0,2,2,2,1,Premium-first
R_7OMFjxsJIvEIvqn,199,2,Lab,1.0,3,2,2,3,Basic-first
R_7OMFjxsJIvEIvqn,199,2,Premium,5.0,2,3,3,2,Basic-first
R_7OMFjxsJIvEIvqn,199,2,Basic,6.0,1,2,2,1,Basic-first
R_7oySKpp1vblAGR3,200,22,Lab,5.0,2,3,2,3,Basic-first
R_7oySKpp1vblAGR3,200,22,Premium,5.0,3,3,3,2,Basic-first
R_7oySKpp1vblAGR3,200,22,Basic,7.0,1,2,2,1,Basic-first
R_7oGy5VLjrfnZe0b,201,26,Lab,5.0,2,2,2,3,Mixed
R_7oGy5VLjrfnZe0b,201,26,Premium,7.0,3,3,3,2,Mixed
R_7oGy5VLjrfnZe0b,201,26,Basic,5.0,3,2,2,1,Mixed
R_12Kk28slI7178zW,202,2,Lab,1.0,3,2,2,3,Low-interest all
R_12Kk28slI7178zW,202,2,Premium,2.0,2,3,3,2,Low-interest all
R_12Kk28slI7178zW,202,2,Basic,2.0,1,2,2,1,Low-interest all
R_5IE2Ztf84Ytb0PY,203,20,Lab,1.0,2,2,2,3,Low-interest all
R_5IE2Ztf84Ytb0PY,203,20,Premium,1.0,3,3,3,2,Low-interest all
R_5IE2Ztf84Ytb0PY,203,20,Basic,1.0,1,2,2,1,Low-interest all
R_1h9PLTTWFkiyONr,204,25,Lab,1.0,2,2,3,3,Low-interest all
R_1h9PLTTWFkiyONr,204,25,Premium,4.0,3,3,3,2,Low-interest all
R_1h9PLTTWFkiyONr,204,25,Basic,3.0,3,2,2,1,Low-interest all
R_3wv3AvzEs9qTPcH,205,16,Lab,1.0,3,3,2,3,Premium-first
R_3wv3AvzEs9qTPcH,205,16,Premium,7.0,3,3,3,2,Premium-first
R_3wv3AvzEs9qTPcH,205,16,Basic,5.0,2,2,2,1,Premium-first
R_7jHuzBB4FZa9rxA,206,20,Lab,1.0,2,2,2,3,Basic-first
R_7jHuzBB4FZa9rxA,206,20,Premium,2.0,3,3,3,2,Basic-first
R_7jHuzBB4FZa9rxA,206,20,Basic,5.0,1,2,2,1,Basic-first
R_7JEJLnMw6jzSYx3,207,5,Lab,1.0,3,1,3,3,Premium-first
R_7JEJLnMw6jzSYx3,207,5,Premium,5.0,2,3,3,2,Premium-first
R_7JEJLnMw6jzSYx3,207,5,Basic,5.0,1,2,2,1,Premium-first
R_1DJ9jMSDbXOjOMO,208,20,Lab,6.0,2,2,2,3,Mixed
R_1DJ9jMSDbXOjOMO,208,20,Premium,4.0,3,3,3,2,Mixed
R_1DJ9jMSDbXOjOMO,208,20,Basic,6.0,1,2,2,1,Mixed
R_3QSxrDrjUBKqkS0,209,9,Lab,1.0,3,3,3,3,Premium-first
R_3QSxrDrjUBKqkS0,209,9,Premium,5.0,2,3,3,2,Premium-first
R_3QSxrDrjUBKqkS0,209,9,Basic,3.0,2,2,2,1,Premium-first
R_3axJTIkXeMPwpsR,210,7,Lab,2.0,3,2,3,3,Premium-first
R_3axJTIkXeMPwpsR,210,7,Premium,6.0,2,3,3,2,Premium-first
R_3axJTIkXeMPwpsR,210,7,Basic,4.0,2,2,2,1,Premium-first
R_7vdgu6ZtoetS92h,211,4,Lab,1.0,3,3,2,3,Premium-first
R_7vdgu6ZtoetS92h,211,4,Premium,5.0,2,3,3,2,Premium-first
R_7vdgu6ZtoetS92h,211,4,Basic,3.0,1,2,2,1,Premium-first
R_3eyKEQVDl05A7e5,212,20,Lab,6.0,2,2,2,3,Mixed
R_3eyKEQVDl05A7e5,212,20,Premium,5.0,3,3,3,2,Mixed
R_3eyKEQVDl05A7e5,212,20,Basic,6.0,1,2,2,1,Mixed
R_5nGeYeqlt8MMHpx,213,21,Lab,5.0,2,3,3,3,Mixed
R_5nGeYeqlt8MMHpx,213,21,Premium,7.0,3,3,3,2,Mixed
R_5nGeYeqlt8MMHpx,213,21,Basic,3.0,1,2,2,1,Mixed
R_6i2yZkO2XusjVqV,214,12,Lab,4.0,3,1,2,3,Low-interest all
R_6i2yZkO2XusjVqV,214,12,Premium,1.0,2,3,3,2,Low-interest all
R_6i2yZkO2XusjVqV,214,12,Basic,1.0,2,2,2,1,Low-interest all
R_5IXx60RYMteLxAv,215,5,Lab,2.0,3,1,3,3,Basic-first
R_5IXx60RYMteLxAv,215,5,Premium,5.0,2,3,3,2,Basic-first
R_5IXx60RYMteLxAv,215,5,Basic,7.0,1,2,2,1,Basic-first
R_3uPUoDyoqNGZIxz,216,15,Lab,2.0,3,3,3,3,Basic-first
R_3uPUoDyoqNGZIxz,216,15,Premium,5.0,3,3,3,2,Basic-first
R_3uPUoDyoqNGZIxz,216,15,Basic,7.0,2,2,2,1,Basic-first
R_5NQIrRGz8ihvDvr,217,30,Lab,4.0,2,1,2,3,Mixed
R_5NQIrRGz8ihvDvr,217,30,Premium,6.0,3,3,3,2,Mixed
R_5NQIrRGz8ihvDvr,217,30,Basic,6.0,3,2,2,1,Mixed
R_60xgxOuSkBWnPLr,218,11,Lab,1.0,3,1,3,3,Premium-first
R_60xgxOuSkBWnPLr,218,11,Premium,6.0,2,3,3,2,Premium-first
R_60xgxOuSkBWnPLr,218,11,Basic,4.0,2,2,2,1,Premium-first
R_1WPfyjIRvjXmj5L,219,5,Lab,6.0,3,1,3,3,Mixed
R_1WPfyjIRvjXmj5L,219,5,Premium,5.0,2,3,3,2,Mixed
R_1WPfyjIRvjXmj5L,219,5,Basic,2.0,1,2,2,1,Mixed
R_3kHYufVE8R8nq2D,220,1,Lab,2.0,3,2,3,3,Basic-first
R_3kHYufVE8R8nq2D,220,1,Premium,4.0,2,3,3,2,Basic-first
R_3kHYufVE8R8nq2D,220,1,Basic,5.0,1,2,2,1,Basic-first
R_6PyR23KsxzXWsE1,221,2,Lab,1.0,3,2,2,3,Basic-first
R_6PyR23KsxzXWsE1,221,2,Premium,3.0,2,3,3,2,Basic-first
R_6PyR23KsxzXWsE1,221,2,Basic,5.0,1,2,2,1,Basic-first
R_3GwFCso5nZr9k8J,222,12,Lab,1.0,3,1,2,3,Basic-first
R_3GwFCso5nZr9k8J,222,12,Premium,5.0,2,3,3,2,Basic-first
R_3GwFCso5nZr9k8J,222,12,Basic,7.0,2,2,2,1,Basic-first
R_3U0mHoe02OjdLPl,223,24,Lab,1.0,2,1,2,3,Premium-first
R_3U0mHoe02OjdLPl,223,24,Premium,7.0,3,3,3,2,Premium-first
R_3U0mHoe02OjdLPl,223,24,Basic,3.0,1,2,2,1,Premium-first
R_5IRNtocoJQfzUWd,224,12,Lab,7.0,3,1,2,3,Mixed
R_5IRNtocoJQfzUWd,224,12,Premium,6.0,2,3,3,2,Mixed
R_5IRNtocoJQfzUWd,224,12,Basic,4.0,2,2,2,1,Mixed
R_50qJQyn77JmMnd0,225,8,Lab,1.0,3,2,2,3,Low-interest all
R_50qJQyn77JmMnd0,225,8,Premium,5.0,2,3,3,2,Low-interest all
R_50qJQyn77JmMnd0,225,8,Basic,1.0,2,2,2,1,Low-interest all
R_7Xjj66hcMivP52E,226,10,Lab,1.0,3,3,2,3,Premium-first
R_7Xjj66hcMivP52E,226,10,Premium,7.0,2,3,3,2,Premium-first
R_7Xjj66hcMivP52E,226,10,Basic,4.0,2,2,2,1,Premium-first
R_6rl7MQYfGVx3ECZ,227,10,Lab,5.0,3,3,2,3,Mixed
R_6rl7MQYfGVx3ECZ,227,10,Premium,6.0,2,3,3,2,Mixed
R_6rl7MQYfGVx3ECZ,227,10,Basic,2.0,2,2,2,1,Mixed
R_5cvZFcAAonYkiXn,228,29,Lab,2.0,2,1,3,3,Premium-first
R_5cvZFcAAonYkiXn,228,29,Premium,6.0,3,3,3,2,Premium-first
R_5cvZFcAAonYkiXn,228,29,Basic,6.0,3,2,2,1,Premium-first
R_1OVFroW0lWOvmYY,229,15,Lab,5.0,3,3,3,3,Low-interest all
R_1OVFroW0lWOvmYY,229,15,Premium,3.0,3,3,3,2,Low-interest all
R_1OVFroW0lWOvmYY,229,15,Basic,2.0,2,2,2,1,Low-interest all
R_52JXTK4k9OMfjlV,230,7,Lab,1.0,3,2,3,3,Premium-first
R_52JXTK4k9OMfjlV,230,7,Premium,6.0,2,3,3,2,Premium-first
R_52JXTK4k9OMfjlV,230,7,Basic,6.0,2,2,2,1,Premium-first
R_7mUG8F6NLsN21jP,231,14,Lab,6.0,3,2,2,3,Mixed
R_7mUG8F6NLsN21jP,231,14,Premium,4.0,3,3,3,2,Mixed
R_7mUG8F6NLsN21jP,231,14,Basic,4.0,2,2,2,1,Mixed
R_5f28M11zp4Uuxw7,232,3,Lab,2.0,3,3,3,3,Premium-first
R_5f28M11zp4Uuxw7,232,3,Premium,7.0,2,3,3,2,Premium-first
R_5f28M11zp4Uuxw7,232,3,Basic,6.0,1,2,2,1,Premium-first
R_3khN3LK57fwvyJQ,233,3,Lab,3.0,3,3,3,3,Basic-first
R_3khN3LK57fwvyJQ,233,3,Premium,4.0,2,3,3,2,Basic-first
R_3khN3LK57fwvyJQ,233,3,Basic,7.0,1,2,2,1,Basic-first
R_3zViSgwiqRhN78P,234,19,Lab,1.0,2,2,3,3,Premium-first
R_3zViSgwiqRhN78P,234,19,Premium,7.0,3,3,3,2,Premium-first
R_3zViSgwiqRhN78P,234,19,Basic,4.0,1,2,2,1,Premium-first
R_51NACBbD1hW6Yr7,235,3,Lab,7.0,3,3,3,3,Mixed
R_51NACBbD1hW6Yr7,235,3,Premium,6.0,2,3,3,2,Mixed
R_51NACBbD1hW6Yr7,235,3,Basic,4.0,1,2,2,1,Mixed
R_1RYv3WwLcJ1prsR,236,2,Lab,1.0,3,2,2,3,Premium-first
R_1RYv3WwLcJ1prsR,236,2,Premium,7.0,2,3,3,2,Premium-first
R_1RYv3WwLcJ1prsR,236,2,Basic,3.0,1,2,2,1,Premium-first
R_5DqHS8njn31zvnI,237,10,Lab,1.0,3,3,2,3,Premium-first
R_5DqHS8njn31zvnI,237,10,Premium,6.0,2,3,3,2,Premium-first
R_5DqHS8njn31zvnI,237,10,Basic,5.0,2,2,2,1,Premium-first
R_32t58kwQ6BFTmga,239,3,Lab,1.0,3,3,3,3,Basic-first
R_32t58kwQ6BFTmga,239,3,Premium,4.0,2,3,3,2,Basic-first
R_32t58kwQ6BFTmga,239,3,Basic,7.0,1,2,2,1,Basic-first
R_5dM0WnuQ54ds2l2,240,24,Lab,1.0,2,1,2,3,Basic-first
R_5dM0WnuQ54ds2l2,240,24,Premium,4.0,3,3,3,2,Basic-first
R_5dM0WnuQ54ds2l2,240,24,Basic,4.0,1,2,2,1,Basic-first
R_7LjnSN6qgSw8Vpg,241,29,Lab,1.0,2,1,3,3,Low-interest all
R_7LjnSN6qgSw8Vpg,241,29,Premium,2.0,3,3,3,2,Low-interest all
R_7LjnSN6qgSw8Vpg,241,29,Basic,1.0,3,2,2,1,Low-interest all
R_35wLpM4XYTOOrkt,242,26,Lab,1.0,2,2,2,3,Premium-first
R_35wLpM4XYTOOrkt,242,26,Premium,7.0,3,3,3,2,Premium-first
R_35wLpM4XYTOOrkt,242,26,Basic,6.0,3,2,2,1,Premium-first
R_7DIvrkJyLyfSdL7,243,5,Lab,1.0,3,1,3,3,Premium-first
R_7DIvrkJyLyfSdL7,243,5,Premium,7.0,2,3,3,2,Premium-first
R_7DIvrkJyLyfSdL7,243,5,Basic,6.0,1,2,2,1,Premium-first
R_7f21BQlvUi5CL4n,244,29,Lab,3.0,2,1,3,3,Premium-first
R_7f21BQlvUi5CL4n,244,29,Premium,7.0,3,3,3,2,Premium-first
R_7f21BQlvUi5CL4n,244,29,Basic,4.0,3,2,2,1,Premium-first
R_1wMG5X25LJkODhO,245,24,Lab,1.0,2,1,2,3,Premium-first
R_1wMG5X25LJkODhO,245,24,Premium,7.0,3,3,3,2,Premium-first
R_1wMG5X25LJkODhO,245,24,Basic,5.0,1,2,2,1,Premium-first
R_7sYfEMSPDJfF1ye,246,16,Lab,7.0,3,3,2,3,Mixed
R_7sYfEMSPDJfF1ye,246,16,Premium,7.0,3,3,3,2,Mixed
R_7sYfEMSPDJfF1ye,246,16,Basic,4.0,2,2,2,1,Mixed
R_7gEQplDCDk0nEqt,247,17,Lab,5.0,3,1,3,3,Mixed
R_7gEQplDCDk0nEqt,247,17,Premium,6.0,3,3,3,2,Mixed
R_7gEQplDCDk0nEqt,247,17,Basic,5.0,2,2,2,1,Mixed
R_3yM1riltySGaBPj,248,23,Lab,4.0,2,1,3,3,Mixed
R_3yM1riltySGaBPj,248,23,Premium,7.0,3,3,3,2,Mixed
R_3yM1riltySGaBPj,248,23,Basic,4.0,1,2,2,1,Mixed
R_32ymNm0A071AupO,249,22,Lab,3.0,2,3,2,3,Basic-first
R_32ymNm0A071AupO,249,22,Premium,3.0,3,3,3,2,Basic-first
R_32ymNm0A071AupO,249,22,Basic,6.0,1,2,2,1,Basic-first
R_5Sfvh8iYHOi47Ox,250,28,Lab,5.0,2,3,2,3,Mixed
R_5Sfvh8iYHOi47Ox,250,28,Premium,6.0,3,3,3,2,Mixed
R_5Sfvh8iYHOi47Ox,250,28,Basic,5.0,3,2,2,1,Mixed
R_1LC9B0EEZsDVMyJ,251,15,Lab,5.0,3,3,3,3,Mixed
R_1LC9B0EEZsDVMyJ,251,15,Premium,6.0,3,3,3,2,Mixed
R_1LC9B0EEZsDVMyJ,251,15,Basic,2.0,2,2,2,1,Mixed
R_1zqkE5NxNMFESHI,252,20,Lab,4.0,2,2,2,3,Basic-first
R_1zqkE5NxNMFESHI,252,20,Premium,5.0,3,3,3,2,Basic-first
R_1zqkE5NxNMFESHI,252,20,Basic,6.0,1,2,2,1,Basic-first
R_5eJJt3GCsJThWT4,253,8,Lab,1.0,3,2,2,3,Premium-first
R_5eJJt3GCsJThWT4,253,8,Premium,7.0,2,3,3,2,Premium-first
R_5eJJt3GCsJThWT4,253,8,Basic,4.0,2,2,2,1,Premium-first
R_1XfOySN9NoiLD2h,254,5,Lab,6.0,3,1,3,3,Mixed
R_1XfOySN9NoiLD2h,254,5,Premium,7.0,2,3,3,2,Mixed
R_1XfOySN9NoiLD2h,254,5,Basic,5.0,1,2,2,1,Mixed
R_3nbZPalqptc57ko,255,22,Lab,6.0,2,3,2,3,Mixed
R_3nbZPalqptc57ko,255,22,Premium,6.0,3,3,3,2,Mixed
R_3nbZPalqptc57ko,255,22,Basic,5.0,1,2,2,1,Mixed
R_5Dc1DI7Awv7VpEC,256,10,Lab,5.0,3,3,2,3,Mixed
R_5Dc1DI7Awv7VpEC,256,10,Premium,6.0,2,3,3,2,Mixed
R_5Dc1DI7Awv7VpEC,256,10,Basic,1.0,2,2,2,1,Mixed
R_5NqremBpmjUPepb,257,17,Lab,2.0,3,1,3,3,Premium-first
R_5NqremBpmjUPepb,257,17,Premium,6.0,3,3,3,2,Premium-first
R_5NqremBpmjUPepb,257,17,Basic,5.0,2,2,2,1,Premium-first
R_67XBjZPs4egPWcp,258,18,Lab,6.0,3,1,2,3,Mixed
R_67XBjZPs4egPWcp,258,18,Premium,5.0,3,3,3,2,Mixed
R_67XBjZPs4egPWcp,258,18,Basic,1.0,2,2,2,1,Mixed
R_5K6ZWPZfDUENMLr,259,17,Lab,2.0,3,1,3,3,Premium-first
R_5K6ZWPZfDUENMLr,259,17,Premium,6.0,3,3,3,2,Premium-first
R_5K6ZWPZfDUENMLr,259,17,Basic,5.0,2,2,2,1,Premium-first
R_1OMZSISQjZySHhj,260,26,Lab,1.0,2,2,2,3,Premium-first
R_1OMZSISQjZySHhj,260,26,Premium,7.0,3,3,3,2,Premium-first
R_1OMZSISQjZySHhj,260,26,Basic,1.0,3,2,2,1,Premium-first
R_1PoXpXkR5RKNegn,261,30,Lab,1.0,2,1,2,3,Low-interest all
R_1PoXpXkR5RKNegn,261,30,Premium,1.0,3,3,3,2,Low-interest all
R_1PoXpXkR5RKNegn,261,30,Basic,1.0,3,2,2,1,Low-interest all
R_32OTQ3SwGADqjRv,262,7,Lab,4.0,3,2,3,3,Mixed
R_32OTQ3SwGADqjRv,262,7,Premium,6.0,2,3,3,2,Mixed
R_32OTQ3SwGADqjRv,262,7,Basic,4.0,2,2,2,1,Mixed
R_7HXLQabcA4PuqCO,263,25,Lab,4.0,2,2,3,3,Mixed
R_7HXLQabcA4PuqCO,263,25,Premium,4.0,3,3,3,2,Mixed
R_7HXLQabcA4PuqCO,263,25,Basic,4.0,3,2,2,1,Mixed
R_5opAALbJ54xdvg8,264,30,Lab,6.0,2,1,2,3,Mixed
R_5opAALbJ54xdvg8,264,30,Premium,7.0,3,3,3,2,Mixed
R_5opAALbJ54xdvg8,264,30,Basic,4.0,3,2,2,1,Mixed
R_6giiZWmHCYhsRFk,265,22,Lab,6.0,2,3,2,3,Mixed
R_6giiZWmHCYhsRFk,265,22,Premium,6.0,3,3,3,2,Mixed
R_6giiZWmHCYhsRFk,265,22,Basic,6.0,1,2,2,1,Mixed
R_17qCoyfMyFzUme5,266,17,Lab,5.0,3,1,3,3,Mixed
R_17qCoyfMyFzUme5,266,17,Premium,7.0,3,3,3,2,Mixed
R_17qCoyfMyFzUme5,266,17,Basic,3.0,2,2,2,1,Mixed
R_1pY2kL48jK9uz1Z,267,13,Lab,4.0,3,2,3,3,Mixed
R_1pY2kL48jK9uz1Z,267,13,Premium,7.0,3,3,3,2,Mixed
R_1pY2kL48jK9uz1Z,267,13,Basic,3.0,2,2,2,1,Mixed
R_1gpAmzTIfPdBhsn,268,6,Lab,4.0,3,1,2,3,Mixed
R_1gpAmzTIfPdBhsn,268,6,Premium,6.0,2,3,3,2,Mixed
R_1gpAmzTIfPdBhsn,268,6,Basic,5.0,1,2,2,1,Mixed
R_5wQl6UXk7EYaetz,269,13,Lab,1.0,3,2,3,3,Premium-first
R_5wQl6UXk7EYaetz,269,13,Premium,7.0,3,3,3,2,Premium-first
R_5wQl6UXk7EYaetz,269,13,Basic,3.0,2,2,2,1,Premium-first
R_5ixueBpPZyJVzqN,271,14,Lab,3.0,3,2,2,3,Basic-first
R_5ixueBpPZyJVzqN,271,14,Premium,4.0,3,3,3,2,Basic-first
R_5ixueBpPZyJVzqN,271,14,Basic,5.0,2,2,2,1,Basic-first
R_1f2M6hYmdxOZfkB,272,9,Lab,1.0,3,3,3,3,Premium-first
R_1f2M6hYmdxOZfkB,272,9,Premium,7.0,2,3,3,2,Premium-first
R_1f2M6hYmdxOZfkB,272,9,Basic,4.0,2,2,2,1,Premium-first
R_3KYcSq5HlGr0Qr7,273,28,Lab,6.0,2,3,2,3,Mixed
R_3KYcSq5HlGr0Qr7,273,28,Premium,4.0,3,3,3,2,Mixed
R_3KYcSq5HlGr0Qr7,273,28,Basic,5.0,3,2,2,1,Mixed
