ResponseId,scenario,alt,rating,price_level,segment
R_1ISSVTIOnPJXekC,4,Lab,5.0,3,Basic-first
R_1ISSVTIOnPJXekC,4,Premium,3.0,2,Basic-first
R_1ISSVTIOnPJXekC,4,Basic,7.0,1,Basic-first
R_7liY4XbxkhD6dE2,10,Lab,4.0,3,Mixed
R_7liY4XbxkhD6dE2,10,Premium,5.0,2,Mixed
R_7liY4XbxkhD6dE2,10,Basic,5.0,2,Mixed
R_1YncfbKdOsKwWPu,6,Lab,5.0,3,Mixed
R_1YncfbKdOsKwWPu,6,Premium,4.0,2,Mixed
R_1YncfbKdOsKwWPu,6,Basic,5.0,1,Mixed
R_7rSmf4wO8btejI6,2,Lab,2.0,3,Basic-first
R_7rSmf4wO8btejI6,2,Premium,4.0,2,Basic-first
R_7rSmf4wO8btejI6,2,Basic,7.0,1,Basic-first
R_7dR7hKV4T4XnYPc,24,Lab,1.0,2,Basic-first
R_7dR7hKV4T4XnYPc,24,Premium,4.0,3,Basic-first
R_7dR7hKV4T4XnYPc,24,Basic,6.0,1,Basic-first
R_58BVICaWSqYvdNp,18,Lab,2.0,3,Premium-first
R_58BVICaWSqYvdNp,18,Premium,6.0,3,Premium-first
R_58BVICaWSqYvdNp,18,Basic,5.0,2,Premium-first
R_7Kx4QI193xtBYFq,27,Lab,1.0,2,Premium-first
R_7Kx4QI193xtBYFq,27,Premium,7.0,3,Premium-first
R_7Kx4QI193xtBYFq,27,Basic,5.0,3,Premium-first
R_5K7Gd3dYqmmxjHQ,18,Lab,1.0,3,Premium-first
R_5K7Gd3dYqmmxjHQ,18,Premium,6.0,3,Premium-first
R_5K7Gd3dYqmmxjHQ,18,Basic,6.0,2,Premium-first
R_6E3Cur95KnC0mYN,1,Lab,2.0,3,Basic-first
R_6E3Cur95KnC0mYN,1,Premium,1.0,2,Basic-first
R_6E3Cur95KnC0mYN,1,Basic,7.0,1,Basic-first
R_5dW7QwXXNmSSLmN,23,Lab,2.0,2,Premium-first
R_5dW7QwXXNmSSLmN,23,Premium,7.0,3,Premium-first
R_5dW7QwXXNmSSLmN,23,Basic,2.0,1,Premium-first
R_5wRktamZTfPDh2Y,15,Lab,1.0,3,Premium-first
R_5wRktamZTfPDh2Y,15,Premium,7.0,3,Premium-first
R_5wRktamZTfPDh2Y,15,Basic,7.0,2,Premium-first
R_5AuWMuwwBk5ghrP,9,Lab,1.0,3,Premium-first
R_5AuWMuwwBk5ghrP,9,Premium,7.0,2,Premium-first
R_5AuWMuwwBk5ghrP,9,Basic,6.0,2,Premium-first
R_6erf01s5x2s1mdX,6,Lab,1.0,3,Premium-first
R_6erf01s5x2s1mdX,6,Premium,6.0,2,Premium-first
R_6erf01s5x2s1mdX,6,Basic,7.0,1,Premium-first
R_6Pt0n8I0WD2Qjq8,8,Lab,4.0,3,Mixed
R_6Pt0n8I0WD2Qjq8,8,Premium,7.0,2,Mixed
R_6Pt0n8I0WD2Qjq8,8,Basic,3.0,2,Mixed
R_5kFGFutTkz0NwNc,23,Lab,4.0,2,Mixed
R_5kFGFutTkz0NwNc,23,Premium,6.0,3,Mixed
R_5kFGFutTkz0NwNc,23,Basic,6.0,1,Mixed
R_1lEaqdOXbsZXqSN,26,Lab,7.0,2,Mixed
R_1lEaqdOXbsZXqSN,26,Premium,6.0,3,Mixed
R_1lEaqdOXbsZXqSN,26,Basic,1.0,3,Mixed
R_3dWuYoHAgCUmZHg,19,Lab,6.0,2,Basic-first
R_3dWuYoHAgCUmZHg,19,Premium,4.0,3,Basic-first
R_3dWuYoHAgCUmZHg,19,Basic,7.0,1,Basic-first
R_1nlx6TATB16RkYR,9,Lab,6.0,3,Mixed
R_1nlx6TATB16RkYR,9,Premium,5.0,2,Mixed
R_1nlx6TATB16RkYR,9,Basic,3.0,2,Mixed
R_3HkvhU6az09rhff,14,Lab,5.0,3,Mixed
R_3HkvhU6az09rhff,14,Premium,4.0,3,Mixed
R_3HkvhU6az09rhff,14,Basic,5.0,2,Mixed
R_6XdsbZkvYUsMufM,18,Lab,1.0,3,Premium-first
R_6XdsbZkvYUsMufM,18,Premium,6.0,3,Premium-first
R_6XdsbZkvYUsMufM,18,Basic,4.0,2,Premium-first
R_7CwAPUaH3VPNbZv,5,Lab,1.0,3,Basic-first
R_7CwAPUaH3VPNbZv,5,Premium,3.0,2,Basic-first
R_7CwAPUaH3VPNbZv,5,Basic,6.0,1,Basic-first
R_7NDGtj6rECGMZFU,7,Lab,4.0,3,Low-interest all
R_7NDGtj6rECGMZFU,7,Premium,4.0,2,Low-interest all
R_7NDGtj6rECGMZFU,7,Basic,1.0,2,Low-interest all
R_5n8CMOBWPOMVXgd,8,Lab,2.0,3,Premium-first
R_5n8CMOBWPOMVXgd,8,Premium,7.0,2,Premium-first
R_5n8CMOBWPOMVXgd,8,Basic,6.0,2,Premium-first
R_3mdUOmOI5QxFQYh,2,Lab,3.0,3,Mixed
R_3mdUOmOI5QxFQYh,2,Premium,5.0,2,Mixed
R_3mdUOmOI5QxFQYh,2,Basic,3.0,1,Mixed
R_5pST6FxGLqPv6ML,27,Lab,7.0,2,Mixed
R_5pST6FxGLqPv6ML,27,Premium,4.0,3,Mixed
R_5pST6FxGLqPv6ML,27,Basic,3.0,3,Mixed
R_1GBUGqZkuJYDfMF,1,Lab,1.0,3,Basic-first
R_1GBUGqZkuJYDfMF,1,Premium,4.0,2,Basic-first
R_1GBUGqZkuJYDfMF,1,Basic,4.0,1,Basic-first
R_6iJWBtvFyXvvIAa,26,Lab,4.0,2,Basic-first
R_6iJWBtvFyXvvIAa,26,Premium,4.0,3,Basic-first
R_6iJWBtvFyXvvIAa,26,Basic,6.0,3,Basic-first
R_1K0HYbDeJFB9m5i,8,Lab,5.0,3,Mixed
R_1K0HYbDeJFB9m5i,8,Premium,5.0,2,Mixed
R_1K0HYbDeJFB9m5i,8,Basic,2.0,2,Mixed
R_12x2LqCgjm1MP74,24,Lab,4.0,2,Basic-first
R_12x2LqCgjm1MP74,24,Premium,4.0,3,Basic-first
R_12x2LqCgjm1MP74,24,Basic,6.0,1,Basic-first
R_1d0KOWd3aaLOBHS,30,Lab,3.0,2,Premium-first
R_1d0KOWd3aaLOBHS,30,Premium,7.0,3,Premium-first
R_1d0KOWd3aaLOBHS,30,Basic,4.0,3,Premium-first
R_1nl75W8A0erCHCM,2,Lab,1.0,3,Premium-first
R_1nl75W8A0erCHCM,2,Premium,5.0,2,Premium-first
R_1nl75W8A0erCHCM,2,Basic,4.0,1,Premium-first
R_1maLncNKg516tVf,2,Lab,3.0,3,Premium-first
R_1maLncNKg516tVf,2,Premium,7.0,2,Premium-first
R_1maLncNKg516tVf,2,Basic,3.0,1,Premium-first
R_18UPeBlDi0Uu6By,5,Lab,7.0,3,Mixed
R_18UPeBlDi0Uu6By,5,Premium,6.0,2,Mixed
R_18UPeBlDi0Uu6By,5,Basic,1.0,1,Mixed
R_3el4R7TREH8MsN7,29,Lab,7.0,2,Mixed
R_3el4R7TREH8MsN7,29,Premium,7.0,3,Mixed
R_3el4R7TREH8MsN7,29,Basic,7.0,3,Mixed
R_7q9u2vDeaWd6hpq,24,Lab,1.0,2,Premium-first
R_7q9u2vDeaWd6hpq,24,Premium,7.0,3,Premium-first
R_7q9u2vDeaWd6hpq,24,Basic,1.0,1,Premium-first
R_7XKiIWluKC8mfjH,8,Lab,3.0,3,Premium-first
R_7XKiIWluKC8mfjH,8,Premium,7.0,2,Premium-first
R_7XKiIWluKC8mfjH,8,Basic,4.0,2,Premium-first
R_1zwN53tw0B281n3,21,Lab,7.0,2,Mixed
R_1zwN53tw0B281n3,21,Premium,5.0,3,Mixed
R_1zwN53tw0B281n3,21,Basic,2.0,1,Mixed
R_17d8kjroJjoVwfe,15,Lab,5.0,3,Mixed
R_17d8kjroJjoVwfe,15,Premium,4.0,3,Mixed
R_17d8kjroJjoVwfe,15,Basic,4.0,2,Mixed
R_6MKclXG7GJSooTu,15,Lab,7.0,3,Mixed
R_6MKclXG7GJSooTu,15,Premium,6.0,3,Mixed
R_6MKclXG7GJSooTu,15,Basic,5.0,2,Mixed
R_7kgGfEBIipZundL,15,Lab,5.0,3,Mixed
R_7kgGfEBIipZundL,15,Premium,5.0,3,Mixed
R_7kgGfEBIipZundL,15,Basic,4.0,2,Mixed
R_1pyxno2lts21Tym,28,Lab,6.0,2,Basic-first
R_1pyxno2lts21Tym,28,Premium,1.0,3,Basic-first
R_1pyxno2lts21Tym,28,Basic,7.0,3,Basic-first
R_12mWQChT595hXlk,23,Lab,5.0,2,Basic-first
R_12mWQChT595hXlk,23,Premium,3.0,3,Basic-first
R_12mWQChT595hXlk,23,Basic,7.0,1,Basic-first
R_1ERMYM2Tz8TeGQm,9,Lab,5.0,3,Mixed
R_1ERMYM2Tz8TeGQm,9,Premium,7.0,2,Mixed
R_1ERMYM2Tz8TeGQm,9,Basic,6.0,2,Mixed
R_1yci8ywgNUoHR9D,21,Lab,1.0,2,Basic-first
R_1yci8ywgNUoHR9D,21,Premium,1.0,3,Basic-first
R_1yci8ywgNUoHR9D,21,Basic,7.0,1,Basic-first
R_1MSejFFMozwHA9B,17,Lab,1.0,3,Premium-first
R_1MSejFFMozwHA9B,17,Premium,7.0,3,Premium-first
R_1MSejFFMozwHA9B,17,Basic,7.0,2,Premium-first
R_1lR1jGaS3sg6Qch,22,Lab,1.0,2,Basic-first
R_1lR1jGaS3sg6Qch,22,Premium,5.0,3,Basic-first
R_1lR1jGaS3sg6Qch,22,Basic,6.0,1,Basic-first
R_1REfWS4IcJjm1Md,18,Lab,1.0,3,Premium-first
R_1REfWS4IcJjm1Md,18,Premium,5.0,3,Premium-first
R_1REfWS4IcJjm1Md,18,Basic,5.0,2,Premium-first
R_31TWcoT5JU5NY4T,26,Lab,2.0,2,Premium-first
R_31TWcoT5JU5NY4T,26,Premium,6.0,3,Premium-first
R_31TWcoT5JU5NY4T,26,Basic,5.0,3,Premium-first
R_1s69y7AcOo4CgQT,25,Lab,5.0,2,Mixed
R_1s69y7AcOo4CgQT,25,Premium,6.0,3,Mixed
R_1s69y7AcOo4CgQT,25,Basic,3.0,3,Mixed
R_39Y0FPcnz4r4wMx,4,Lab,4.0,3,Basic-first
R_39Y0FPcnz4r4wMx,4,Premium,6.0,2,Basic-first
R_39Y0FPcnz4r4wMx,4,Basic,7.0,1,Basic-first
R_3Nz7SD9U0pv2uO0,9,Lab,1.0,3,Premium-first
R_3Nz7SD9U0pv2uO0,9,Premium,7.0,2,Premium-first
R_3Nz7SD9U0pv2uO0,9,Basic,5.0,2,Premium-first
R_1MrR0YNBzkOj6mJ,4,Lab,4.0,3,Basic-first
R_1MrR0YNBzkOj6mJ,4,Premium,4.0,2,Basic-first
R_1MrR0YNBzkOj6mJ,4,Basic,5.0,1,Basic-first
R_1l2snbmgS02rZbH,16,Lab,5.0,3,Mixed
R_1l2snbmgS02rZbH,16,Premium,7.0,3,Mixed
R_1l2snbmgS02rZbH,16,Basic,6.0,2,Mixed
R_3mRxXivHCQHrRK4,20,Lab,4.0,2,Mixed
R_3mRxXivHCQHrRK4,20,Premium,5.0,3,Mixed
R_3mRxXivHCQHrRK4,20,Basic,3.0,1,Mixed
R_5qQntzsh7E13ZGS,2,Lab,2.0,3,Premium-first
R_5qQntzsh7E13ZGS,2,Premium,6.0,2,Premium-first
R_5qQntzsh7E13ZGS,2,Basic,3.0,1,Premium-first
R_3ffkHKrGe46N4dB,12,Lab,5.0,3,Mixed
R_3ffkHKrGe46N4dB,12,Premium,6.0,2,Mixed
R_3ffkHKrGe46N4dB,12,Basic,4.0,2,Mixed
R_5UiB6PP9SMZcfwB,23,Lab,1.0,2,Premium-first
R_5UiB6PP9SMZcfwB,23,Premium,6.0,3,Premium-first
R_5UiB6PP9SMZcfwB,23,Basic,5.0,1,Premium-first
R_7tFmybZxwLdVtOs,13,Lab,1.0,3,Premium-first
R_7tFmybZxwLdVtOs,13,Premium,7.0,3,Premium-first
R_7tFmybZxwLdVtOs,13,Basic,4.0,2,Premium-first
R_3dG7po6z8CGDQJA,16,Lab,5.0,3,Mixed
R_3dG7po6z8CGDQJA,16,Premium,6.0,3,Mixed
R_3dG7po6z8CGDQJA,16,Basic,6.0,2,Mixed
R_7mjBYa49OkzBSAj,17,Lab,3.0,3,Premium-first
R_7mjBYa49OkzBSAj,17,Premium,6.0,3,Premium-first
R_7mjBYa49OkzBSAj,17,Basic,5.0,2,Premium-first
R_5ZOLBWyxZV0q3tV,11,Lab,6.0,3,Mixed
R_5ZOLBWyxZV0q3tV,11,Premium,5.0,2,Mixed
R_5ZOLBWyxZV0q3tV,11,Basic,1.0,2,Mixed
R_7DuwgJaAF9iVPdI,16,Lab,3.0,3,Premium-first
R_7DuwgJaAF9iVPdI,16,Premium,6.0,3,Premium-first
R_7DuwgJaAF9iVPdI,16,Basic,6.0,2,Premium-first
R_7j8bUXX7h7wM7MU,29,Lab,1.0,2,Low-interest all
R_7j8bUXX7h7wM7MU,29,Premium,1.0,3,Low-interest all
R_7j8bUXX7h7wM7MU,29,Basic,1.0,3,Low-interest all
R_1Qsw5pRvxdnpcqx,15,Lab,5.0,3,Mixed
R_1Qsw5pRvxdnpcqx,15,Premium,5.0,3,Mixed
R_1Qsw5pRvxdnpcqx,15,Basic,3.0,2,Mixed
R_51iGmVVTJeeK3x4,19,Lab,1.0,2,Low-interest all
R_51iGmVVTJeeK3x4,19,Premium,1.0,3,Low-interest all
R_51iGmVVTJeeK3x4,19,Basic,2.0,1,Low-interest all
R_30Aymj1iHnui0I9,21,Lab,7.0,2,Mixed
R_30Aymj1iHnui0I9,21,Premium,5.0,3,Mixed
R_30Aymj1iHnui0I9,21,Basic,4.0,1,Mixed
R_7PzfZcEHhUXSHJj,13,Lab,3.0,3,Mixed
R_7PzfZcEHhUXSHJj,13,Premium,6.0,3,Mixed
R_7PzfZcEHhUXSHJj,13,Basic,2.0,2,Mixed
R_51jgyhY3EkWNqGA,19,Lab,1.0,2,Basic-first
R_51jgyhY3EkWNqGA,19,Premium,4.0,3,Basic-first
R_51jgyhY3EkWNqGA,19,Basic,7.0,1,Basic-first
R_7dal8M83JqUbxmv,1,Lab,6.0,3,Mixed
R_7dal8M83JqUbxmv,1,Premium,6.0,2,Mixed
R_7dal8M83JqUbxmv,1,Basic,2.0,1,Mixed
R_7MS9Nc5ljeG56Gx,2,Lab,3.0,3,Basic-first
R_7MS9Nc5ljeG56Gx,2,Premium,4.0,2,Basic-first
R_7MS9Nc5ljeG56Gx,2,Basic,4.0,1,Basic-first
R_333k8MwgZEQkzah,12,Lab,5.0,3,Mixed
R_333k8MwgZEQkzah,12,Premium,7.0,2,Mixed
R_333k8MwgZEQkzah,12,Basic,3.0,2,Mixed
R_5jnspae0MP9bdPH,1,Lab,2.0,3,Basic-first
R_5jnspae0MP9bdPH,1,Premium,2.0,2,Basic-first
R_5jnspae0MP9bdPH,1,Basic,7.0,1,Basic-first
R_5ClZUmMPlAm5RXW,28,Lab,4.0,2,Basic-first
R_5ClZUmMPlAm5RXW,28,Premium,2.0,3,Basic-first
R_5ClZUmMPlAm5RXW,28,Basic,5.0,3,Basic-first
R_7qb582avw646OLV,23,Lab,3.0,2,Basic-first
R_7qb582avw646OLV,23,Premium,4.0,3,Basic-first
R_7qb582avw646OLV,23,Basic,4.0,1,Basic-first
R_6ztMpTTcpKcXvrN,3,Lab,1.0,3,Basic-first
R_6ztMpTTcpKcXvrN,3,Premium,2.0,2,Basic-first
R_6ztMpTTcpKcXvrN,3,Basic,7.0,1,Basic-first
R_3gRxk0sL9I9Uv2H,22,Lab,2.0,2,Basic-first
R_3gRxk0sL9I9Uv2H,22,Premium,4.0,3,Basic-first
R_3gRxk0sL9I9Uv2H,22,Basic,7.0,1,Basic-first
R_7H0sIYE1EFWgU2K,3,Lab,1.0,3,Premium-first
R_7H0sIYE1EFWgU2K,3,Premium,7.0,2,Premium-first
R_7H0sIYE1EFWgU2K,3,Basic,1.0,1,Premium-first
R_5YQBT5RpmDCEE4p,18,Lab,1.0,3,Premium-first
R_5YQBT5RpmDCEE4p,18,Premium,5.0,3,Premium-first
R_5YQBT5RpmDCEE4p,18,Basic,5.0,2,Premium-first
R_64o1yvyAIZGY8t6,27,Lab,1.0,2,Low-interest all
R_64o1yvyAIZGY8t6,27,Premium,1.0,3,Low-interest all
R_64o1yvyAIZGY8t6,27,Basic,3.0,3,Low-interest all
R_5rMMUKiBxHD8pQr,6,Lab,2.0,3,Premium-first
R_5rMMUKiBxHD8pQr,6,Premium,6.0,2,Premium-first
R_5rMMUKiBxHD8pQr,6,Basic,5.0,1,Premium-first
R_746hUmgdr8e3XUd,23,Lab,1.0,2,Low-interest all
R_746hUmgdr8e3XUd,23,Premium,2.0,3,Low-interest all
R_746hUmgdr8e3XUd,23,Basic,2.0,1,Low-interest all
R_3C4fe26O1Yt8wjD,17,Lab,1.0,3,Premium-first
R_3C4fe26O1Yt8wjD,17,Premium,7.0,3,Premium-first
R_3C4fe26O1Yt8wjD,17,Basic,1.0,2,Premium-first
R_3qppR8rQcQpvTSa,7,Lab,1.0,3,Premium-first
R_3qppR8rQcQpvTSa,7,Premium,7.0,2,Premium-first
R_3qppR8rQcQpvTSa,7,Basic,2.0,2,Premium-first
R_6OjEAEvmGi3BFyb,27,Lab,1.0,2,Premium-first
R_6OjEAEvmGi3BFyb,27,Premium,7.0,3,Premium-first
R_6OjEAEvmGi3BFyb,27,Basic,5.0,3,Premium-first
R_7SEU0kbM7JT01cl,25,Lab,5.0,2,Mixed
R_7SEU0kbM7JT01cl,25,Premium,5.0,3,Mixed
R_7SEU0kbM7JT01cl,25,Basic,4.0,3,Mixed
R_3wVuCZiVn7elTJT,13,Lab,1.0,3,Premium-first
R_3wVuCZiVn7elTJT,13,Premium,7.0,3,Premium-first
R_3wVuCZiVn7elTJT,13,Basic,5.0,2,Premium-first
R_7udpXVra9oem24x,15,Lab,2.0,3,Premium-first
R_7udpXVra9oem24x,15,Premium,6.0,3,Premium-first
R_7udpXVra9oem24x,15,Basic,3.0,2,Premium-first
R_1l0FS01YSxQfvqP,13,Lab,2.0,3,Basic-first
R_1l0FS01YSxQfvqP,13,Premium,4.0,3,Basic-first
R_1l0FS01YSxQfvqP,13,Basic,4.0,2,Basic-first
R_32W7GCucL12WPoQ,19,Lab,2.0,2,Premium-first
R_32W7GCucL12WPoQ,19,Premium,5.0,3,Premium-first
R_32W7GCucL12WPoQ,19,Basic,5.0,1,Premium-first
R_1sQNCgST6vsvV1F,16,Lab,6.0,3,Mixed
R_1sQNCgST6vsvV1F,16,Premium,7.0,3,Mixed
R_1sQNCgST6vsvV1F,16,Basic,5.0,2,Mixed
R_7qvzMhFtYubMrrR,11,Lab,2.0,3,Premium-first
R_7qvzMhFtYubMrrR,11,Premium,7.0,2,Premium-first
R_7qvzMhFtYubMrrR,11,Basic,1.0,2,Premium-first
R_5d4RSkoQNb4UKGx,27,Lab,7.0,2,Mixed
R_5d4RSkoQNb4UKGx,27,Premium,3.0,3,Mixed
R_5d4RSkoQNb4UKGx,27,Basic,3.0,3,Mixed
R_6kFZDUNDRa0BXvz,14,Lab,4.0,3,Mixed
R_6kFZDUNDRa0BXvz,14,Premium,6.0,3,Mixed
R_6kFZDUNDRa0BXvz,14,Basic,5.0,2,Mixed
R_3hHgBnH7AHATjzz,26,Lab,1.0,2,Premium-first
R_3hHgBnH7AHATjzz,26,Premium,7.0,3,Premium-first
R_3hHgBnH7AHATjzz,26,Basic,4.0,3,Premium-first
R_3r0K2tOntM7ICit,5,Lab,5.0,3,Mixed
R_3r0K2tOntM7ICit,5,Premium,7.0,2,Mixed
R_3r0K2tOntM7ICit,5,Basic,7.0,1,Mixed
R_6Fktkk5SmgnUKtJ,6,Lab,5.0,3,Mixed
R_6Fktkk5SmgnUKtJ,6,Premium,6.0,2,Mixed
R_6Fktkk5SmgnUKtJ,6,Basic,2.0,1,Mixed
R_7c2CYL0qvzw0sGe,29,Lab,4.0,2,Premium-first
R_7c2CYL0qvzw0sGe,29,Premium,7.0,3,Premium-first
R_7c2CYL0qvzw0sGe,29,Basic,7.0,3,Premium-first
R_6fjSjcBuISaSuIS,21,Lab,3.0,2,Low-interest all
R_6fjSjcBuISaSuIS,21,Premium,2.0,3,Low-interest all
R_6fjSjcBuISaSuIS,21,Basic,4.0,1,Low-interest all
R_7qW1e7LR35KuVXa,29,Lab,1.0,2,Premium-first
R_7qW1e7LR35KuVXa,29,Premium,6.0,3,Premium-first
R_7qW1e7LR35KuVXa,29,Basic,5.0,3,Premium-first
R_5kJXsQuT9SNqXi9,20,Lab,1.0,2,Premium-first
R_5kJXsQuT9SNqXi9,20,Premium,7.0,3,Premium-first
R_5kJXsQuT9SNqXi9,20,Basic,7.0,1,Premium-first
R_7FG7694zukL9iBf,7,Lab,1.0,3,Premium-first
R_7FG7694zukL9iBf,7,Premium,7.0,2,Premium-first
R_7FG7694zukL9iBf,7,Basic,1.0,2,Premium-first
R_5odIIUGHkrX2XrL,20,Lab,5.0,2,Mixed
R_5odIIUGHkrX2XrL,20,Premium,6.0,3,Mixed
R_5odIIUGHkrX2XrL,20,Basic,3.0,1,Mixed
R_7rvceKGfVXNloOp,29,Lab,2.0,2,Premium-first
R_7rvceKGfVXNloOp,29,Premium,7.0,3,Premium-first
R_7rvceKGfVXNloOp,29,Basic,3.0,3,Premium-first
R_7tKZzxDQsuryVHe,28,Lab,1.0,2,Premium-first
R_7tKZzxDQsuryVHe,28,Premium,6.0,3,Premium-first
R_7tKZzxDQsuryVHe,28,Basic,5.0,3,Premium-first
R_5HIWB0PzKb8SiVb,27,Lab,2.0,2,Premium-first
R_5HIWB0PzKb8SiVb,27,Premium,7.0,3,Premium-first
R_5HIWB0PzKb8SiVb,27,Basic,6.0,3,Premium-first
R_3RU09TdyruhTY4t,13,Lab,2.0,3,Premium-first
R_3RU09TdyruhTY4t,13,Premium,6.0,3,Premium-first
R_3RU09TdyruhTY4t,13,Basic,5.0,2,Premium-first
R_1je1xG8P6Uq1rby,12,Lab,1.0,3,Premium-first
R_1je1xG8P6Uq1rby,12,Premium,7.0,2,Premium-first
R_1je1xG8P6Uq1rby,12,Basic,6.0,2,Premium-first
R_5G8GciebA802ONS,10,Lab,1.0,3,Premium-first
R_5G8GciebA802ONS,10,Premium,6.0,2,Premium-first
R_5G8GciebA802ONS,10,Basic,7.0,2,Premium-first
R_1fveaAyOeo5MB5O,16,Lab,5.0,3,Mixed
R_1fveaAyOeo5MB5O,16,Premium,7.0,3,Mixed
R_1fveaAyOeo5MB5O,16,Basic,6.0,2,Mixed
R_3vr9S95J9bl8dJ7,18,Lab,7.0,3,Mixed
R_3vr9S95J9bl8dJ7,18,Premium,7.0,3,Mixed
R_3vr9S95J9bl8dJ7,18,Basic,6.0,2,Mixed
R_5m97Zhn9AyL8iXf,15,Lab,3.0,3,Basic-first
R_5m97Zhn9AyL8iXf,15,Premium,3.0,3,Basic-first
R_5m97Zhn9AyL8iXf,15,Basic,7.0,2,Basic-first
R_3wTPEKZGafHoc7v,3,Lab,1.0,3,Premium-first
R_3wTPEKZGafHoc7v,3,Premium,7.0,2,Premium-first
R_3wTPEKZGafHoc7v,3,Basic,5.0,1,Premium-first
R_3CWD5jP0eqAFcKY,17,Lab,7.0,3,Mixed
R_3CWD5jP0eqAFcKY,17,Premium,7.0,3,Mixed
R_3CWD5jP0eqAFcKY,17,Basic,2.0,2,Mixed
R_5iQLRR9L2M6LYTq,25,Lab,7.0,2,Mixed
R_5iQLRR9L2M6LYTq,25,Premium,5.0,3,Mixed
R_5iQLRR9L2M6LYTq,25,Basic,4.0,3,Mixed
R_5M2U6XtWlO4nxLz,7,Lab,1.0,3,Premium-first
R_5M2U6XtWlO4nxLz,7,Premium,7.0,2,Premium-first
R_5M2U6XtWlO4nxLz,7,Basic,7.0,2,Premium-first
R_3Ns8G25QplPv1vE,11,Lab,7.0,3,Mixed
R_3Ns8G25QplPv1vE,11,Premium,4.0,2,Mixed
R_3Ns8G25QplPv1vE,11,Basic,1.0,2,Mixed
R_301M7HNjvPw9qMf,16,Lab,4.0,3,Mixed
R_301M7HNjvPw9qMf,16,Premium,7.0,3,Mixed
R_301M7HNjvPw9qMf,16,Basic,4.0,2,Mixed
R_3EPeaE6tkB4kQOB,5,Lab,3.0,3,Premium-first
R_3EPeaE6tkB4kQOB,5,Premium,6.0,2,Premium-first
R_3EPeaE6tkB4kQOB,5,Basic,6.0,1,Premium-first
R_7U3IU2VjEUcO93O,13,Lab,1.0,3,Basic-first
R_7U3IU2VjEUcO93O,13,Premium,5.0,3,Basic-first
R_7U3IU2VjEUcO93O,13,Basic,6.0,2,Basic-first
R_7jUSpk1Q3ve5nb1,26,Lab,6.0,2,Mixed
R_7jUSpk1Q3ve5nb1,26,Premium,7.0,3,Mixed
R_7jUSpk1Q3ve5nb1,26,Basic,2.0,3,Mixed
R_6PStiUagef09DVL,5,Lab,1.0,3,Low-interest all
R_6PStiUagef09DVL,5,Premium,1.0,2,Low-interest all
R_6PStiUagef09DVL,5,Basic,2.0,1,Low-interest all
R_37d53kts5GLxcyZ,4,Lab,1.0,3,Premium-first
R_37d53kts5GLxcyZ,4,Premium,6.0,2,Premium-first
R_37d53kts5GLxcyZ,4,Basic,4.0,1,Premium-first
R_5eCqIFFzfZ5iE3e,15,Lab,7.0,3,Mixed
R_5eCqIFFzfZ5iE3e,15,Premium,5.0,3,Mixed
R_5eCqIFFzfZ5iE3e,15,Basic,5.0,2,Mixed
R_7hbDRpEbttiN7GP,22,Lab,6.0,2,Mixed
R_7hbDRpEbttiN7GP,22,Premium,6.0,3,Mixed
R_7hbDRpEbttiN7GP,22,Basic,6.0,1,Mixed
R_5tF55jwvWcjniCt,23,Lab,1.0,2,Premium-first
R_5tF55jwvWcjniCt,23,Premium,7.0,3,Premium-first
R_5tF55jwvWcjniCt,23,Basic,7.0,1,Premium-first
R_7HZXAmkvKWYwTWT,21,Lab,5.0,2,Mixed
R_7HZXAmkvKWYwTWT,21,Premium,7.0,3,Mixed
R_7HZXAmkvKWYwTWT,21,Basic,3.0,1,Mixed
R_60DbcUbWzKzMri6,18,Lab,3.0,3,Premium-first
R_60DbcUbWzKzMri6,18,Premium,6.0,3,Premium-first
R_60DbcUbWzKzMri6,18,Basic,5.0,2,Premium-first
R_741tjXyrX7SHMBd,28,Lab,6.0,2,Mixed
R_741tjXyrX7SHMBd,28,Premium,5.0,3,Mixed
R_741tjXyrX7SHMBd,28,Basic,4.0,3,Mixed
R_7I5ZyqVrAVCupfI,13,Lab,5.0,3,Mixed
R_7I5ZyqVrAVCupfI,13,Premium,6.0,3,Mixed
R_7I5ZyqVrAVCupfI,13,Basic,2.0,2,Mixed
R_7MhW6Fvqo2RQzNM,15,Lab,1.0,3,Low-interest all
R_7MhW6Fvqo2RQzNM,15,Premium,2.0,3,Low-interest all
R_7MhW6Fvqo2RQzNM,15,Basic,2.0,2,Low-interest all
R_6rvxiAZqrWBk7Gp,6,Lab,5.0,3,Mixed
R_6rvxiAZqrWBk7Gp,6,Premium,6.0,2,Mixed
R_6rvxiAZqrWBk7Gp,6,Basic,2.0,1,Mixed
R_5dt5A9V6uZ7rMR4,3,Lab,1.0,3,Premium-first
R_5dt5A9V6uZ7rMR4,3,Premium,7.0,2,Premium-first
R_5dt5A9V6uZ7rMR4,3,Basic,5.0,1,Premium-first
R_5xKJT8QOTYT9q94,26,Lab,5.0,2,Mixed
R_5xKJT8QOTYT9q94,26,Premium,7.0,3,Mixed
R_5xKJT8QOTYT9q94,26,Basic,4.0,3,Mixed
R_5kG5AJHECrzv7ww,27,Lab,6.0,2,Mixed
R_5kG5AJHECrzv7ww,27,Premium,6.0,3,Mixed
R_5kG5AJHECrzv7ww,27,Basic,4.0,3,Mixed
R_3uNBpAGcgNnpdYp,14,Lab,4.0,3,Mixed
R_3uNBpAGcgNnpdYp,14,Premium,4.0,3,Mixed
R_3uNBpAGcgNnpdYp,14,Basic,4.0,2,Mixed
R_3d3KO89W4tOsVgX,23,Lab,7.0,2,Mixed
R_3d3KO89W4tOsVgX,23,Premium,6.0,3,Mixed
R_3d3KO89W4tOsVgX,23,Basic,2.0,1,Mixed
R_5r1z7wvZJjJIKPM,26,Lab,5.0,2,Mixed
R_5r1z7wvZJjJIKPM,26,Premium,7.0,3,Mixed
R_5r1z7wvZJjJIKPM,26,Basic,3.0,3,Mixed
R_7DgTl2hg7Zy6b1n,28,Lab,4.0,2,Basic-first
R_7DgTl2hg7Zy6b1n,28,Premium,3.0,3,Basic-first
R_7DgTl2hg7Zy6b1n,28,Basic,5.0,3,Basic-first
R_5B2SzXa3zl9TJtH,1,Lab,4.0,3,Mixed
R_5B2SzXa3zl9TJtH,1,Premium,7.0,2,Mixed
R_5B2SzXa3zl9TJtH,1,Basic,1.0,1,Mixed
R_71UbGMAD4hZ0gBH,27,Lab,7.0,2,Low-interest all
R_71UbGMAD4hZ0gBH,27,Premium,1.0,3,Low-interest all
R_71UbGMAD4hZ0gBH,27,Basic,1.0,3,Low-interest all
R_73TwzCyfrM8q2lS,25,Lab,1.0,2,Basic-first
R_73TwzCyfrM8q2lS,25,Premium,2.0,3,Basic-first
R_73TwzCyfrM8q2lS,25,Basic,7.0,3,Basic-first
R_6gMuZEkcuRX5JzW,6,Lab,1.0,3,Low-interest all
R_6gMuZEkcuRX5JzW,6,Premium,2.0,2,Low-interest all
R_6gMuZEkcuRX5JzW,6,Basic,1.0,1,Low-interest all
R_5rT5UqZlDovzyB0,6,Lab,5.0,3,Mixed
R_5rT5UqZlDovzyB0,6,Premium,7.0,2,Mixed
R_5rT5UqZlDovzyB0,6,Basic,3.0,1,Mixed
R_7EGJJGI9pKtvHeP,15,Lab,2.0,3,Low-interest all
R_7EGJJGI9pKtvHeP,15,Premium,1.0,3,Low-interest all
R_7EGJJGI9pKtvHeP,15,Basic,1.0,2,Low-interest all
R_7JaUzSnaRUiPcwg,9,Lab,7.0,3,Mixed
R_7JaUzSnaRUiPcwg,9,Premium,7.0,2,Mixed
R_7JaUzSnaRUiPcwg,9,Basic,4.0,2,Mixed
R_14L7qc0ZjxU2g37,23,Lab,7.0,2,Mixed
R_14L7qc0ZjxU2g37,23,Premium,7.0,3,Mixed
R_14L7qc0ZjxU2g37,23,Basic,1.0,1,Mixed
R_3PZOavImANIPFBC,14,Lab,4.0,3,Mixed
R_3PZOavImANIPFBC,14,Premium,7.0,3,Mixed
R_3PZOavImANIPFBC,14,Basic,4.0,2,Mixed
R_5RdzzDzjttvg7eY,3,Lab,1.0,3,Basic-first
R_5RdzzDzjttvg7eY,3,Premium,5.0,2,Basic-first
R_5RdzzDzjttvg7eY,3,Basic,7.0,1,Basic-first
R_3SwUYxTwo0eRJM5,14,Lab,1.0,3,Basic-first
R_3SwUYxTwo0eRJM5,14,Premium,4.0,3,Basic-first
R_3SwUYxTwo0eRJM5,14,Basic,7.0,2,Basic-first
R_5NBdKr01tbpktjP,30,Lab,2.0,2,Basic-first
R_5NBdKr01tbpktjP,30,Premium,4.0,3,Basic-first
R_5NBdKr01tbpktjP,30,Basic,6.0,3,Basic-first
R_6JwKHhj1rG8RGHw,3,Lab,7.0,3,Mixed
R_6JwKHhj1rG8RGHw,3,Premium,6.0,2,Mixed
R_6JwKHhj1rG8RGHw,3,Basic,6.0,1,Mixed
R_6q8Gu7SDepBJ2ZW,27,Lab,5.0,2,Mixed
R_6q8Gu7SDepBJ2ZW,27,Premium,4.0,3,Mixed
R_6q8Gu7SDepBJ2ZW,27,Basic,4.0,3,Mixed
R_1Lw13CdRA7SAUqU,2,Lab,4.0,3,Mixed
R_1Lw13CdRA7SAUqU,2,Premium,7.0,2,Mixed
R_1Lw13CdRA7SAUqU,2,Basic,1.0,1,Mixed
R_7ofeGycCsUqqpm9,26,Lab,4.0,2,Mixed
R_7ofeGycCsUqqpm9,26,Premium,7.0,3,Mixed
R_7ofeGycCsUqqpm9,26,Basic,4.0,3,Mixed
R_5emZNsvkTH8suGI,6,Lab,2.0,3,Premium-first
R_5emZNsvkTH8suGI,6,Premium,6.0,2,Premium-first
R_5emZNsvkTH8suGI,6,Basic,4.0,1,Premium-first
R_7lANzBrfXz4xEPG,15,Lab,3.0,3,Premium-first
R_7lANzBrfXz4xEPG,15,Premium,6.0,3,Premium-first
R_7lANzBrfXz4xEPG,15,Basic,4.0,2,Premium-first
R_7tzfJjc289wihbv,15,Lab,5.0,3,Mixed
R_7tzfJjc289wihbv,15,Premium,5.0,3,Mixed
R_7tzfJjc289wihbv,15,Basic,2.0,2,Mixed
R_7R1xdTOk2CTzgvM,2,Lab,1.0,3,Premium-first
R_7R1xdTOk2CTzgvM,2,Premium,7.0,2,Premium-first
R_7R1xdTOk2CTzgvM,2,Basic,4.0,1,Premium-first
R_6K2LHgwElmqU8fO,3,Lab,1.0,3,Premium-first
R_6K2LHgwElmqU8fO,3,Premium,7.0,2,Premium-first
R_6K2LHgwElmqU8fO,3,Basic,1.0,1,Premium-first
R_7PcoRqYtbtd5UuX,4,Lab,2.0,3,Low-interest all
R_7PcoRqYtbtd5UuX,4,Premium,2.0,2,Low-interest all
R_7PcoRqYtbtd5UuX,4,Basic,2.0,1,Low-interest all
R_5HtYwNCzCT2DmBX,2,Lab,1.0,3,Basic-first
R_5HtYwNCzCT2DmBX,2,Premium,5.0,2,Basic-first
R_5HtYwNCzCT2DmBX,2,Basic,7.0,1,Basic-first
R_740KLF26tW2op2B,2,Lab,4.0,3,Mixed
R_740KLF26tW2op2B,2,Premium,6.0,2,Mixed
R_740KLF26tW2op2B,2,Basic,4.0,1,Mixed
R_54ifycqoik04oOR,8,Lab,4.0,3,Mixed
R_54ifycqoik04oOR,8,Premium,6.0,2,Mixed
R_54ifycqoik04oOR,8,Basic,3.0,2,Mixed
R_7GTYgYCcGbHCP8R,13,Lab,4.0,3,Mixed
R_7GTYgYCcGbHCP8R,13,Premium,7.0,3,Mixed
R_7GTYgYCcGbHCP8R,13,Basic,3.0,2,Mixed
R_6fpXOrL1vTF8Sl1,23,Lab,7.0,2,Mixed
R_6fpXOrL1vTF8Sl1,23,Premium,6.0,3,Mixed
R_6fpXOrL1vTF8Sl1,23,Basic,5.0,1,Mixed
R_1FdCsOpNF3tHHt7,26,Lab,3.0,2,Premium-first
R_1FdCsOpNF3tHHt7,26,Premium,6.0,3,Premium-first
R_1FdCsOpNF3tHHt7,26,Basic,3.0,3,Premium-first
R_3m9xHrePXWdV2E0,7,Lab,4.0,3,Mixed
R_3m9xHrePXWdV2E0,7,Premium,4.0,2,Mixed
R_3m9xHrePXWdV2E0,7,Basic,4.0,2,Mixed
R_7IuziF276wOTfoH,25,Lab,2.0,2,Low-interest all
R_7IuziF276wOTfoH,25,Premium,2.0,3,Low-interest all
R_7IuziF276wOTfoH,25,Basic,2.0,3,Low-interest all
R_6I6vzQX0709RT96,29,Lab,6.0,2,Mixed
R_6I6vzQX0709RT96,29,Premium,4.0,3,Mixed
R_6I6vzQX0709RT96,29,Basic,4.0,3,Mixed
R_6YkD2xmXLcOVZv3,17,Lab,7.0,3,Mixed
R_6YkD2xmXLcOVZv3,17,Premium,5.0,3,Mixed
R_6YkD2xmXLcOVZv3,17,Basic,5.0,2,Mixed
R_5GxYewkX4exRerE,18,Lab,4.0,3,Basic-first
R_5GxYewkX4exRerE,18,Premium,6.0,3,Basic-first
R_5GxYewkX4exRerE,18,Basic,7.0,2,Basic-first
R_7mjyKVLLYbSRe0z,5,Lab,3.0,3,Premium-first
R_7mjyKVLLYbSRe0z,5,Premium,6.0,2,Premium-first
R_7mjyKVLLYbSRe0z,5,Basic,5.0,1,Premium-first
R_6wiPNteb64P4ZPs,1,Lab,4.0,3,Mixed
R_6wiPNteb64P4ZPs,1,Premium,7.0,2,Mixed
R_6wiPNteb64P4ZPs,1,Basic,5.0,1,Mixed
R_3zHM8xIAA8xHrDh,5,Lab,5.0,3,Mixed
R_3zHM8xIAA8xHrDh,5,Premium,7.0,2,Mixed
R_3zHM8xIAA8xHrDh,5,Basic,2.0,1,Mixed
R_1Ec7DNh856klfkw,10,Lab,3.0,3,Premium-first
R_1Ec7DNh856klfkw,10,Premium,7.0,2,Premium-first
R_1Ec7DNh856klfkw,10,Basic,5.0,2,Premium-first
R_7AEHp7MXcVHxhcF,21,Lab,6.0,2,Mixed
R_7AEHp7MXcVHxhcF,21,Premium,6.0,3,Mixed
R_7AEHp7MXcVHxhcF,21,Basic,5.0,1,Mixed
R_1fqLlIzUsaUNmGV,26,Lab,1.0,2,Premium-first
R_1fqLlIzUsaUNmGV,26,Premium,7.0,3,Premium-first
R_1fqLlIzUsaUNmGV,26,Basic,4.0,3,Premium-first
R_1KN3ZeF6AUX57wq,29,Lab,4.0,2,Mixed
R_1KN3ZeF6AUX57wq,29,Premium,6.0,3,Mixed
R_1KN3ZeF6AUX57wq,29,Basic,3.0,3,Mixed
R_39puUVL1W0f8NOf,9,Lab,1.0,3,Premium-first
R_39puUVL1W0f8NOf,9,Premium,7.0,2,Premium-first
R_39puUVL1W0f8NOf,9,Basic,7.0,2,Premium-first
R_7fUx9c8OZqpgm5y,15,Lab,2.0,3,Basic-first
R_7fUx9c8OZqpgm5y,15,Premium,2.0,3,Basic-first
R_7fUx9c8OZqpgm5y,15,Basic,7.0,2,Basic-first
R_7dSLLReRPyTFVD8,1,Lab,2.0,3,Premium-first
R_7dSLLReRPyTFVD8,1,Premium,5.0,2,Premium-first
R_7dSLLReRPyTFVD8,1,Basic,4.0,1,Premium-first
R_6do6jEaR7XlR322,30,Lab,6.0,2,Mixed
R_6do6jEaR7XlR322,30,Premium,4.0,3,Mixed
R_6do6jEaR7XlR322,30,Basic,4.0,3,Mixed
R_3L0etFeaCRHHHrz,25,Lab,5.0,2,Mixed
R_3L0etFeaCRHHHrz,25,Premium,6.0,3,Mixed
R_3L0etFeaCRHHHrz,25,Basic,3.0,3,Mixed
R_5kGnvoIeBvO8e2L,20,Lab,5.0,2,Mixed
R_5kGnvoIeBvO8e2L,20,Premium,5.0,3,Mixed
R_5kGnvoIeBvO8e2L,20,Basic,2.0,1,Mixed
R_3dRFredAQHHhYEd,28,Lab,7.0,2,Mixed
R_3dRFredAQHHhYEd,28,Premium,7.0,3,Mixed
R_3dRFredAQHHhYEd,28,Basic,7.0,3,Mixed
R_1M6Hm5DfmiGJxwF,7,Lab,3.0,3,Basic-first
R_1M6Hm5DfmiGJxwF,7,Premium,4.0,2,Basic-first
R_1M6Hm5DfmiGJxwF,7,Basic,6.0,2,Basic-first
R_7Vgo8Unn7GwxKV8,11,Lab,5.0,3,Mixed
R_7Vgo8Unn7GwxKV8,11,Premium,6.0,2,Mixed
R_7Vgo8Unn7GwxKV8,11,Basic,4.0,2,Mixed
R_5ihsWx4DF8qlJ8O,19,Lab,3.0,2,Premium-first
R_5ihsWx4DF8qlJ8O,19,Premium,6.0,3,Premium-first
R_5ihsWx4DF8qlJ8O,19,Basic,5.0,1,Premium-first
R_6PGLf5hBsguGvi9,26,Lab,4.0,2,Mixed
R_6PGLf5hBsguGvi9,26,Premium,5.0,3,Mixed
R_6PGLf5hBsguGvi9,26,Basic,5.0,3,Mixed
R_6xfOaVJHA2varSN,1,Lab,1.0,3,Premium-first
R_6xfOaVJHA2varSN,1,Premium,7.0,2,Premium-first
R_6xfOaVJHA2varSN,1,Basic,7.0,1,Premium-first
R_7Ebgf9kbbq71pLC,2,Lab,1.0,3,Basic-first
R_7Ebgf9kbbq71pLC,2,Premium,4.0,2,Basic-first
R_7Ebgf9kbbq71pLC,2,Basic,7.0,1,Basic-first
R_3AXQlHerXEQV3Yp,28,Lab,5.0,2,Mixed
R_3AXQlHerXEQV3Yp,28,Premium,6.0,3,Mixed
R_3AXQlHerXEQV3Yp,28,Basic,6.0,3,Mixed
R_71Gp1aK4ZviVL4B,14,Lab,1.0,3,Basic-first
R_71Gp1aK4ZviVL4B,14,Premium,1.0,3,Basic-first
R_71Gp1aK4ZviVL4B,14,Basic,7.0,2,Basic-first
R_638qanRbajRz0SC,12,Lab,2.0,3,Premium-first
R_638qanRbajRz0SC,12,Premium,7.0,2,Premium-first
R_638qanRbajRz0SC,12,Basic,5.0,2,Premium-first
R_6mc8dB8A9z4D3Ud,25,Lab,2.0,2,Premium-first
R_6mc8dB8A9z4D3Ud,25,Premium,6.0,3,Premium-first
R_6mc8dB8A9z4D3Ud,25,Basic,3.0,3,Premium-first
R_507unbwKO7HeUx2,24,Lab,3.0,2,Mixed
R_507unbwKO7HeUx2,24,Premium,6.0,3,Mixed
R_507unbwKO7HeUx2,24,Basic,1.0,1,Mixed
R_7sDzNkszKRrtAk1,12,Lab,1.0,3,Premium-first
R_7sDzNkszKRrtAk1,12,Premium,6.0,2,Premium-first
R_7sDzNkszKRrtAk1,12,Basic,5.0,2,Premium-first
R_7OMFjxsJIvEIvqn,2,Lab,1.0,3,Basic-first
R_7OMFjxsJIvEIvqn,2,Premium,5.0,2,Basic-first
R_7OMFjxsJIvEIvqn,2,Basic,6.0,1,Basic-first
R_7oySKpp1vblAGR3,22,Lab,5.0,2,Basic-first
R_7oySKpp1vblAGR3,22,Premium,5.0,3,Basic-first
R_7oySKpp1vblAGR3,22,Basic,7.0,1,Basic-first
R_7oGy5VLjrfnZe0b,26,Lab,5.0,2,Mixed
R_7oGy5VLjrfnZe0b,26,Premium,7.0,3,Mixed
R_7oGy5VLjrfnZe0b,26,Basic,5.0,3,Mixed
R_12Kk28slI7178zW,2,Lab,1.0,3,Low-interest all
R_12Kk28slI7178zW,2,Premium,2.0,2,Low-interest all
R_12Kk28slI7178zW,2,Basic,2.0,1,Low-interest all
R_5IE2Ztf84Ytb0PY,20,Lab,1.0,2,Low-interest all
R_5IE2Ztf84Ytb0PY,20,Premium,1.0,3,Low-interest all
R_5IE2Ztf84Ytb0PY,20,Basic,1.0,1,Low-interest all
R_1h9PLTTWFkiyONr,25,Lab,1.0,2,Low-interest all
R_1h9PLTTWFkiyONr,25,Premium,4.0,3,Low-interest all
R_1h9PLTTWFkiyONr,25,Basic,3.0,3,Low-interest all
R_3wv3AvzEs9qTPcH,16,Lab,1.0,3,Premium-first
R_3wv3AvzEs9qTPcH,16,Premium,7.0,3,Premium-first
R_3wv3AvzEs9qTPcH,16,Basic,5.0,2,Premium-first
R_7jHuzBB4FZa9rxA,20,Lab,1.0,2,Basic-first
R_7jHuzBB4FZa9rxA,20,Premium,2.0,3,Basic-first
R_7jHuzBB4FZa9rxA,20,Basic,5.0,1,Basic-first
R_7JEJLnMw6jzSYx3,5,Lab,1.0,3,Premium-first
R_7JEJLnMw6jzSYx3,5,Premium,5.0,2,Premium-first
R_7JEJLnMw6jzSYx3,5,Basic,5.0,1,Premium-first
R_1DJ9jMSDbXOjOMO,20,Lab,6.0,2,Mixed
R_1DJ9jMSDbXOjOMO,20,Premium,4.0,3,Mixed
R_1DJ9jMSDbXOjOMO,20,Basic,6.0,1,Mixed
R_3QSxrDrjUBKqkS0,9,Lab,1.0,3,Premium-first
R_3QSxrDrjUBKqkS0,9,Premium,5.0,2,Premium-first
R_3QSxrDrjUBKqkS0,9,Basic,3.0,2,Premium-first
R_3axJTIkXeMPwpsR,7,Lab,2.0,3,Premium-first
R_3axJTIkXeMPwpsR,7,Premium,6.0,2,Premium-first
R_3axJTIkXeMPwpsR,7,Basic,4.0,2,Premium-first
R_7vdgu6ZtoetS92h,4,Lab,1.0,3,Premium-first
R_7vdgu6ZtoetS92h,4,Premium,5.0,2,Premium-first
R_7vdgu6ZtoetS92h,4,Basic,3.0,1,Premium-first
R_3eyKEQVDl05A7e5,20,Lab,6.0,2,Mixed
R_3eyKEQVDl05A7e5,20,Premium,5.0,3,Mixed
R_3eyKEQVDl05A7e5,20,Basic,6.0,1,Mixed
R_5nGeYeqlt8MMHpx,21,Lab,5.0,2,Mixed
R_5nGeYeqlt8MMHpx,21,Premium,7.0,3,Mixed
R_5nGeYeqlt8MMHpx,21,Basic,3.0,1,Mixed
R_6i2yZkO2XusjVqV,12,Lab,4.0,3,Low-interest all
R_6i2yZkO2XusjVqV,12,Premium,1.0,2,Low-interest all
R_6i2yZkO2XusjVqV,12,Basic,1.0,2,Low-interest all
R_5IXx60RYMteLxAv,5,Lab,2.0,3,Basic-first
R_5IXx60RYMteLxAv,5,Premium,5.0,2,Basic-first
R_5IXx60RYMteLxAv,5,Basic,7.0,1,Basic-first
R_3uPUoDyoqNGZIxz,15,Lab,2.0,3,Basic-first
R_3uPUoDyoqNGZIxz,15,Premium,5.0,3,Basic-first
R_3uPUoDyoqNGZIxz,15,Basic,7.0,2,Basic-first
R_5NQIrRGz8ihvDvr,30,Lab,4.0,2,Mixed
R_5NQIrRGz8ihvDvr,30,Premium,6.0,3,Mixed
R_5NQIrRGz8ihvDvr,30,Basic,6.0,3,Mixed
R_60xgxOuSkBWnPLr,11,Lab,1.0,3,Premium-first
R_60xgxOuSkBWnPLr,11,Premium,6.0,2,Premium-first
R_60xgxOuSkBWnPLr,11,Basic,4.0,2,Premium-first
R_1WPfyjIRvjXmj5L,5,Lab,6.0,3,Mixed
R_1WPfyjIRvjXmj5L,5,Premium,5.0,2,Mixed
R_1WPfyjIRvjXmj5L,5,Basic,2.0,1,Mixed
R_3kHYufVE8R8nq2D,1,Lab,2.0,3,Basic-first
R_3kHYufVE8R8nq2D,1,Premium,4.0,2,Basic-first
R_3kHYufVE8R8nq2D,1,Basic,5.0,1,Basic-first
R_6PyR23KsxzXWsE1,2,Lab,1.0,3,Basic-first
R_6PyR23KsxzXWsE1,2,Premium,3.0,2,Basic-first
R_6PyR23KsxzXWsE1,2,Basic,5.0,1,Basic-first
R_3GwFCso5nZr9k8J,12,Lab,1.0,3,Basic-first
R_3GwFCso5nZr9k8J,12,Premium,5.0,2,Basic-first
R_3GwFCso5nZr9k8J,12,Basic,7.0,2,Basic-first
R_3U0mHoe02OjdLPl,24,Lab,1.0,2,Premium-first
R_3U0mHoe02OjdLPl,24,Premium,7.0,3,Premium-first
R_3U0mHoe02OjdLPl,24,Basic,3.0,1,Premium-first
R_5IRNtocoJQfzUWd,12,Lab,7.0,3,Mixed
R_5IRNtocoJQfzUWd,12,Premium,6.0,2,Mixed
R_5IRNtocoJQfzUWd,12,Basic,4.0,2,Mixed
R_50qJQyn77JmMnd0,8,Lab,1.0,3,Low-interest all
R_50qJQyn77JmMnd0,8,Premium,5.0,2,Low-interest all
R_50qJQyn77JmMnd0,8,Basic,1.0,2,Low-interest all
R_7Xjj66hcMivP52E,10,Lab,1.0,3,Premium-first
R_7Xjj66hcMivP52E,10,Premium,7.0,2,Premium-first
R_7Xjj66hcMivP52E,10,Basic,4.0,2,Premium-first
R_6rl7MQYfGVx3ECZ,10,Lab,5.0,3,Mixed
R_6rl7MQYfGVx3ECZ,10,Premium,6.0,2,Mixed
R_6rl7MQYfGVx3ECZ,10,Basic,2.0,2,Mixed
R_5cvZFcAAonYkiXn,29,Lab,2.0,2,Premium-first
R_5cvZFcAAonYkiXn,29,Premium,6.0,3,Premium-first
R_5cvZFcAAonYkiXn,29,Basic,6.0,3,Premium-first
R_1OVFroW0lWOvmYY,15,Lab,5.0,3,Low-interest all
R_1OVFroW0lWOvmYY,15,Premium,3.0,3,Low-interest all
R_1OVFroW0lWOvmYY,15,Basic,2.0,2,Low-interest all
R_52JXTK4k9OMfjlV,7,Lab,1.0,3,Premium-first
R_52JXTK4k9OMfjlV,7,Premium,6.0,2,Premium-first
R_52JXTK4k9OMfjlV,7,Basic,6.0,2,Premium-first
R_7mUG8F6NLsN21jP,14,Lab,6.0,3,Mixed
R_7mUG8F6NLsN21jP,14,Premium,4.0,3,Mixed
R_7mUG8F6NLsN21jP,14,Basic,4.0,2,Mixed
R_5f28M11zp4Uuxw7,3,Lab,2.0,3,Premium-first
R_5f28M11zp4Uuxw7,3,Premium,7.0,2,Premium-first
R_5f28M11zp4Uuxw7,3,Basic,6.0,1,Premium-first
R_3khN3LK57fwvyJQ,3,Lab,3.0,3,Basic-first
R_3khN3LK57fwvyJQ,3,Premium,4.0,2,Basic-first
R_3khN3LK57fwvyJQ,3,Basic,7.0,1,Basic-first
R_3zViSgwiqRhN78P,19,Lab,1.0,2,Premium-first
R_3zViSgwiqRhN78P,19,Premium,7.0,3,Premium-first
R_3zViSgwiqRhN78P,19,Basic,4.0,1,Premium-first
R_51NACBbD1hW6Yr7,3,Lab,7.0,3,Mixed
R_51NACBbD1hW6Yr7,3,Premium,6.0,2,Mixed
R_51NACBbD1hW6Yr7,3,Basic,4.0,1,Mixed
R_1RYv3WwLcJ1prsR,2,Lab,1.0,3,Premium-first
R_1RYv3WwLcJ1prsR,2,Premium,7.0,2,Premium-first
R_1RYv3WwLcJ1prsR,2,Basic,3.0,1,Premium-first
R_5DqHS8njn31zvnI,10,Lab,1.0,3,Premium-first
R_5DqHS8njn31zvnI,10,Premium,6.0,2,Premium-first
R_5DqHS8njn31zvnI,10,Basic,5.0,2,Premium-first
R_32t58kwQ6BFTmga,3,Lab,1.0,3,Basic-first
R_32t58kwQ6BFTmga,3,Premium,4.0,2,Basic-first
R_32t58kwQ6BFTmga,3,Basic,7.0,1,Basic-first
R_5dM0WnuQ54ds2l2,24,Lab,1.0,2,Basic-first
R_5dM0WnuQ54ds2l2,24,Premium,4.0,3,Basic-first
R_5dM0WnuQ54ds2l2,24,Basic,4.0,1,Basic-first
R_7LjnSN6qgSw8Vpg,29,Lab,1.0,2,Low-interest all
R_7LjnSN6qgSw8Vpg,29,Premium,2.0,3,Low-interest all
R_7LjnSN6qgSw8Vpg,29,Basic,1.0,3,Low-interest all
R_35wLpM4XYTOOrkt,26,Lab,1.0,2,Premium-first
R_35wLpM4XYTOOrkt,26,Premium,7.0,3,Premium-first
R_35wLpM4XYTOOrkt,26,Basic,6.0,3,Premium-first
R_7DIvrkJyLyfSdL7,5,Lab,1.0,3,Premium-first
R_7DIvrkJyLyfSdL7,5,Premium,7.0,2,Premium-first
R_7DIvrkJyLyfSdL7,5,Basic,6.0,1,Premium-first
R_7f21BQlvUi5CL4n,29,Lab,3.0,2,Premium-first
R_7f21BQlvUi5CL4n,29,Premium,7.0,3,Premium-first
R_7f21BQlvUi5CL4n,29,Basic,4.0,3,Premium-first
R_1wMG5X25LJkODhO,24,Lab,1.0,2,Premium-first
R_1wMG5X25LJkODhO,24,Premium,7.0,3,Premium-first
R_1wMG5X25LJkODhO,24,Basic,5.0,1,Premium-first
R_7sYfEMSPDJfF1ye,16,Lab,7.0,3,Mixed
R_7sYfEMSPDJfF1ye,16,Premium,7.0,3,Mixed
R_7sYfEMSPDJfF1ye,16,Basic,4.0,2,Mixed
R_7gEQplDCDk0nEqt,17,Lab,5.0,3,Mixed
R_7gEQplDCDk0nEqt,17,Premium,6.0,3,Mixed
R_7gEQplDCDk0nEqt,17,Basic,5.0,2,Mixed
R_3yM1riltySGaBPj,23,Lab,4.0,2,Mixed
R_3yM1riltySGaBPj,23,Premium,7.0,3,Mixed
R_3yM1riltySGaBPj,23,Basic,4.0,1,Mixed
R_32ymNm0A071AupO,22,Lab,3.0,2,Basic-first
R_32ymNm0A071AupO,22,Premium,3.0,3,Basic-first
R_32ymNm0A071AupO,22,Basic,6.0,1,Basic-first
R_5Sfvh8iYHOi47Ox,28,Lab,5.0,2,Mixed
R_5Sfvh8iYHOi47Ox,28,Premium,6.0,3,Mixed
R_5Sfvh8iYHOi47Ox,28,Basic,5.0,3,Mixed
R_1LC9B0EEZsDVMyJ,15,Lab,5.0,3,Mixed
R_1LC9B0EEZsDVMyJ,15,Premium,6.0,3,Mixed
R_1LC9B0EEZsDVMyJ,15,Basic,2.0,2,Mixed
R_1zqkE5NxNMFESHI,20,Lab,4.0,2,Basic-first
R_1zqkE5NxNMFESHI,20,Premium,5.0,3,Basic-first
R_1zqkE5NxNMFESHI,20,Basic,6.0,1,Basic-first
R_5eJJt3GCsJThWT4,8,Lab,1.0,3,Premium-first
R_5eJJt3GCsJThWT4,8,Premium,7.0,2,Premium-first
R_5eJJt3GCsJThWT4,8,Basic,4.0,2,Premium-first
R_1XfOySN9NoiLD2h,5,Lab,6.0,3,Mixed
R_1XfOySN9NoiLD2h,5,Premium,7.0,2,Mixed
R_1XfOySN9NoiLD2h,5,Basic,5.0,1,Mixed
R_3nbZPalqptc57ko,22,Lab,6.0,2,Mixed
R_3nbZPalqptc57ko,22,Premium,6.0,3,Mixed
R_3nbZPalqptc57ko,22,Basic,5.0,1,Mixed
R_5Dc1DI7Awv7VpEC,10,Lab,5.0,3,Mixed
R_5Dc1DI7Awv7VpEC,10,Premium,6.0,2,Mixed
R_5Dc1DI7Awv7VpEC,10,Basic,1.0,2,Mixed
R_5NqremBpmjUPepb,17,Lab,2.0,3,Premium-first
R_5NqremBpmjUPepb,17,Premium,6.0,3,Premium-first
R_5NqremBpmjUPepb,17,Basic,5.0,2,Premium-first
R_67XBjZPs4egPWcp,18,Lab,6.0,3,Mixed
R_67XBjZPs4egPWcp,18,Premium,5.0,3,Mixed
R_67XBjZPs4egPWcp,18,Basic,1.0,2,Mixed
R_5K6ZWPZfDUENMLr,17,Lab,2.0,3,Premium-first
R_5K6ZWPZfDUENMLr,17,Premium,6.0,3,Premium-first
R_5K6ZWPZfDUENMLr,17,Basic,5.0,2,Premium-first
R_1OMZSISQjZySHhj,26,Lab,1.0,2,Premium-first
R_1OMZSISQjZySHhj,26,Premium,7.0,3,Premium-first
R_1OMZSISQjZySHhj,26,Basic,1.0,3,Premium-first
R_1PoXpXkR5RKNegn,30,Lab,1.0,2,Low-interest all
R_1PoXpXkR5RKNegn,30,Premium,1.0,3,Low-interest all
R_1PoXpXkR5RKNegn,30,Basic,1.0,3,Low-interest all
R_32OTQ3SwGADqjRv,7,Lab,4.0,3,Mixed
R_32OTQ3SwGADqjRv,7,Premium,6.0,2,Mixed
R_32OTQ3SwGADqjRv,7,Basic,4.0,2,Mixed
R_7HXLQabcA4PuqCO,25,Lab,4.0,2,Mixed
R_7HXLQabcA4PuqCO,25,Premium,4.0,3,Mixed
R_7HXLQabcA4PuqCO,25,Basic,4.0,3,Mixed
R_5opAALbJ54xdvg8,30,Lab,6.0,2,Mixed
R_5opAALbJ54xdvg8,30,Premium,7.0,3,Mixed
R_5opAALbJ54xdvg8,30,Basic,4.0,3,Mixed
R_6giiZWmHCYhsRFk,22,Lab,6.0,2,Mixed
R_6giiZWmHCYhsRFk,22,Premium,6.0,3,Mixed
R_6giiZWmHCYhsRFk,22,Basic,6.0,1,Mixed
R_17qCoyfMyFzUme5,17,Lab,5.0,3,Mixed
R_17qCoyfMyFzUme5,17,Premium,7.0,3,Mixed
R_17qCoyfMyFzUme5,17,Basic,3.0,2,Mixed
R_1pY2kL48jK9uz1Z,13,Lab,4.0,3,Mixed
R_1pY2kL48jK9uz1Z,13,Premium,7.0,3,Mixed
R_1pY2kL48jK9uz1Z,13,Basic,3.0,2,Mixed
R_1gpAmzTIfPdBhsn,6,Lab,4.0,3,Mixed
R_1gpAmzTIfPdBhsn,6,Premium,6.0,2,Mixed
R_1gpAmzTIfPdBhsn,6,Basic,5.0,1,Mixed
R_5wQl6UXk7EYaetz,13,Lab,1.0,3,Premium-first
R_5wQl6UXk7EYaetz,13,Premium,7.0,3,Premium-first
R_5wQl6UXk7EYaetz,13,Basic,3.0,2,Premium-first
R_5ixueBpPZyJVzqN,14,Lab,3.0,3,Basic-first
R_5ixueBpPZyJVzqN,14,Premium,4.0,3,Basic-first
R_5ixueBpPZyJVzqN,14,Basic,5.0,2,Basic-first
R_1f2M6hYmdxOZfkB,9,Lab,1.0,3,Premium-first
R_1f2M6hYmdxOZfkB,9,Premium,7.0,2,Premium-first
R_1f2M6hYmdxOZfkB,9,Basic,4.0,2,Premium-first
R_3KYcSq5HlGr0Qr7,28,Lab,6.0,2,Mixed
R_3KYcSq5HlGr0Qr7,28,Premium,4.0,3,Mixed
R_3KYcSq5HlGr0Qr7,28,Basic,5.0,3,Mixed
